"행정구역별",2010,2010,2010,2010,2010,2010,2011,2011,2011,2011,2011,2011,2012,2012,2012,2012,2012,2012,2013,2013,2013,2013,2013,2013,2014,2014,2014,2014,2014,2014,2015,2015,2015,2015,2015,2015,2016,2016,2016,2016,2016,2016,2017,2017,2017,2017,2017,2017,2018,2018,2018,2018,2018,2018,2019,2019,2019,2019,2019,2019,2020,2020,2020,2020,2021,2021,2021,2021,2021,2021
"행정구역별",농가 (가구),상대표준오차,농가인구 (명),상대표준오차(농가인구),농가인구(남) (명),농가인구(여) (명),농가 (가구),상대표준오차,농가인구 (명),상대표준오차(농가인구),농가인구(남) (명),농가인구(여) (명),농가 (가구),상대표준오차,농가인구 (명),상대표준오차(농가인구),농가인구(남) (명),농가인구(여) (명),농가 (가구),상대표준오차,농가인구 (명),상대표준오차(농가인구),농가인구(남) (명),농가인구(여) (명),농가 (가구),상대표준오차,농가인구 (명),상대표준오차(농가인구),농가인구(남) (명),농가인구(여) (명),농가 (가구),상대표준오차,농가인구 (명),상대표준오차(농가인구),농가인구(남) (명),농가인구(여) (명),농가 (가구),상대표준오차,농가인구 (명),상대표준오차(농가인구),농가인구(남) (명),농가인구(여) (명),농가 (가구),상대표준오차,농가인구 (명),상대표준오차(농가인구),농가인구(남) (명),농가인구(여) (명),농가 (가구),상대표준오차,농가인구 (명),상대표준오차(농가인구),농가인구(남) (명),농가인구(여) (명),농가 (가구),상대표준오차,농가인구 (명),상대표준오차(농가인구),농가인구(남) (명),농가인구(여) (명),농가 (가구),농가인구 (명),농가인구(남) (명),농가인구(여) (명),농가 (가구),상대표준오차,농가인구 (명),상대표준오차(농가인구),농가인구(남) (명),농가인구(여) (명)
"전국",1177318,-,3062956,-,1501064,1561892,1163209,0.4,2962113,0.8,1455777,1506336,1151116,0.4,2911540,0.7,1423685,1487855,1142029,0.5,2847435,0.5,1386679,1460756,1120776,0.5,2751792,0.6,1339783,1412009,1088518,-,2569387,-,1264652,1304735,1068274,0.3,2496406,0.4,1221825,1274581,1042017,0.4,2422256,0.5,1184279,1237977,1020838,0.4,2314982,0.5,1130435,1184548,1007158,0.4,2244783,0.5,1099942,1144841,1035193,2314064,1153286,1160778,1031210,0.4,2215498,0.4,1100028,1115470
"서울특별시",4123,,13602,,6878,6724,3541,7.8,11768,12.9,5643,6125,3114,9.7,9927,12.5,4480,5446,2826,11.6,9164,12.2,4204,4960,2751,11.5,8689,12.0,3980,4709,3911,-,11555,-,5837,5718,3550,3.8,9599,6.6,4964,4635,3410,3.8,9374,6.4,4784,4591,3130,3.5,8605,6.4,4477,4128,2851,4.4,7586,7.2,3913,3674,8418,21897,11049,10848,7031,3.4,15767,4.2,8171,7597
"서울시부",4123,,13602,,6878,6724,3541,7.8,11768,12.9,5643,6125,3114,9.7,9927,12.5,4480,5446,2826,11.6,9164,12.2,4204,4960,2751,11.5,8689,12.0,3980,4709,3911,-,11555,-,5837,5718,3550,3.8,9599,6.6,4964,4635,3410,3.8,9374,6.4,4784,4591,3130,3.5,8605,6.4,4477,4128,2851,4.4,7586,7.2,3913,3674,8418,21897,11049,10848,7031,3.4,15767,4.2,8171,7597
"부산광역시",8457,,24961,,12419,12542,7854,4.2,23565,8.7,11696,11869,7784,4.7,22859,7.2,11281,11578,7178,5.2,20486,5.5,10103,10382,7070,5.6,19935,5.7,9766,10169,8068,-,20944,-,10457,10487,8159,4.0,20554,4.9,10338,10216,7716,4.6,19133,5.7,9741,9392,7487,4.9,17400,5.8,8634,8766,7314,5.7,16578,6.3,8304,8273,11967,28529,14339,14190,11137,3.6,25044,4.4,12646,12399
"부산시부",6246,,18659,,9305,9354,5751,5.1,17306,11.5,8744,8562,5641,5.8,16733,8.7,8364,8368,5056,6.6,14418,6.6,7209,7209,5005,7.4,14102,7.3,7018,7084,6016,-,15693,-,7859,7834,6147,5.1,15698,6.2,7905,7793,5803,5.9,14645,7.2,7377,7268,5608,6.2,13232,7.4,6524,6708,5441,7.2,12521,7.9,6252,6269,10117,24241,12192,12049,9338,4.2,20633,5.1,10404,10229
"기장군",2211,,6302,,3114,3188,2103,7.0,6260,11.0,2953,3307,2144,7.6,6126,12.3,2917,3209,2121,7.7,6067,10.1,2894,3173,2065,6.9,5833,8.4,2748,3085,2052,-,5251,-,2598,2653,2012,5.3,4856,6.2,2433,2423,1913,5.8,4487,6.2,2363,2124,1879,5.7,4168,5.8,2110,2058,1873,6.9,4056,7.2,2052,2004,1850,4288,2147,2141,1798,6.3,4411,8.5,2241,2170
"대구광역시",16974,,50351,,25328,25023,17152,4.7,50876,8.8,25971,24905,17716,4.9,51514,8.1,25879,25634,17717,5.3,50618,6.3,25482,25137,17290,5.6,49187,6.2,25045,24142,16571,-,44542,-,22538,22004,16750,2.8,43743,4.2,22014,21728,16554,2.9,42395,4.2,21276,21119,15833,3.3,39903,4.3,19892,20011,15747,3.5,39239,4.5,19805,19434,24809,60630,30758,29872,23893,1.9,54006,2.7,27920,26085
"대구시부",10810,,33088,,16737,16351,10808,6.4,32983,14.9,16909,16074,11196,6.4,33475,10.8,16888,16587,11049,7.3,32408,8.7,16440,15968,10724,7.1,30966,8.3,15776,15190,10790,-,29515,-,15040,14475,11017,3.8,29285,5.4,14933,14352,10791,3.8,28376,5.4,14440,13936,10425,4.1,26816,5.7,13455,13361,10250,4.5,25984,6.1,13228,12756,18863,46402,23576,22826,17612,2.3,39413,3.3,20330,19082
"달성군",6164,,17263,,8591,8672,6344,6.4,17893,10.7,9062,8830,6520,7.5,18039,11.2,8992,9047,6669,7.4,18210,8.1,9042,9169,6566,9.1,18222,9.1,9269,8953,5781,-,15027,-,7498,7529,5733,3.9,14458,6.4,7082,7376,5763,4.2,14020,6.7,6836,7183,5408,5.3,13088,6.1,6437,6650,5497,5.3,13255,6.1,6577,6678,5946,14228,7182,7046,6281,3.7,14593,4.0,7590,7003
"인천광역시",13835,,37750,,18589,19161,13777,6.4,36196,18.7,17808,18388,13567,6.7,34760,6.1,16949,17811,12983,7.3,32368,7.2,15959,16409,12928,7.3,32089,7.4,15839,16251,13081,-,32454,-,15992,16462,12347,2.4,31226,3.8,15031,16194,11962,2.5,29991,3.5,14532,15459,11440,2.7,27642,3.6,13431,14211,11321,3.9,27096,4.4,13412,13684,13239,31828,15819,16009,12647,3.1,28128,3.5,13848,14280
"인천시부",4425,,13990,,6978,7012,4406,8.9,12766,15.5,6199,6567,4210,12.0,11557,9.5,5433,6124,3428,15.6,8935,13.6,4171,4764,3339,14.7,9112,13.6,4263,4849,4226,-,12000,-,5996,6004,4061,4.9,11610,6.2,5726,5884,3901,4.6,11037,5.5,5603,5434,3651,5.5,9958,5.6,4907,5051,3488,6.5,9216,7.5,4560,4657,5691,14942,7449,7493,4777,4.2,11823,4.5,5714,6109
"강화군",7975,,20255,,9889,10366,7963,9.8,20331,24.2,10081,10249,7975,9.3,20124,8.7,9979,10145,8156,9.5,20277,9.8,10195,10083,8161,9.8,19851,10.0,10009,9841,7539,-,17496,-,8558,8938,6934,3.1,16668,5.4,7915,8753,6759,3.4,16114,5.2,7619,8495,6542,3.4,14931,5.2,7242,7690,6573,5.7,15107,6.1,7593,7514,6415,14509,7213,7296,6616,4.7,13525,5.6,6775,6750
"옹진군",1435,,3505,,1722,1783,1408,10.3,3099,17.8,1528,1572,1383,9.4,3079,12.8,1537,1541,1398,9.6,3156,9.2,1594,1562,1427,8.5,3127,7.7,1567,1560,1316,-,2958,-,1438,1520,1352,5.2,2948,8.3,1390,1558,1302,4.8,2840,7.1,1310,1531,1247,5.5,2753,8.1,1283,1471,1260,5.7,2773,8.3,1260,1514,1133,2377,1157,1220,1254,10.9,2780,10.8,1359,1421
"광주광역시",13079,,37994,,18756,19238,12481,4.0,35232,8.5,16772,18460,11852,4.4,32903,6.8,15530,17373,11816,5.9,32231,6.5,15387,16843,11869,6.2,32062,6.5,15467,16595,12036,-,30746,-,15173,15573,12126,3.9,29800,4.8,14561,15240,10940,4.3,26761,5.0,13080,13681,10380,4.5,25347,5.7,12184,13164,10238,5.5,24101,6.8,11729,12372,16676,39873,19931,19942,14708,3.7,35403,3.9,17558,17845
"광주시부",7497,,22747,,11269,11478,7122,6.4,21333,14.9,9972,11361,6706,6.8,19860,10.1,9201,10659,6694,8.9,18833,10.1,8736,10097,6707,9.3,18953,9.8,9003,9951,7149,-,18786,-,9310,9476,7620,5.2,19891,5.9,9758,10133,7006,5.2,17925,5.0,8992,8933,6509,4.9,16109,5.2,7717,8392,6423,6.3,15381,6.9,7607,7774,11493,27823,13858,13965,10117,4.3,24057,4.5,11866,12191
"광산구",5582,,15247,,7487,7760,5360,3.9,13899,9.3,6800,7099,5146,5.0,13044,6.0,6330,6714,5122,6.9,13398,6.3,6651,6746,5162,7.5,13109,7.0,6464,6645,4887,-,11960,-,5863,6097,4507,5.4,9909,8.3,4803,5107,3934,7.6,8836,11.0,4088,4748,3871,8.7,9239,12.6,4467,4772,3816,10.3,8721,14.5,4123,4598,5183,12050,6073,5977,4590,7.1,11346,7.3,5692,5654
"대전광역시",8914,,27605,,13959,13646,9130,5.2,29332,9.6,14555,14777,9264,5.8,28760,11.1,14098,14662,9518,8.9,28816,11.1,14259,14557,9357,9.2,27590,10.9,13531,14058,9428,-,25569,-,12942,12627,9398,4.6,24525,4.9,12472,12052,9127,5.4,23272,5.8,12148,11124,8852,5.7,21985,5.5,10997,10989,8920,5.5,20697,5.8,10731,9966,13491,32804,16770,16034,12241,3.0,29025,4.3,14843,14183
"대전시부",8914,,27605,,13959,13646,9130,5.2,29332,9.6,14555,14777,9264,5.8,28760,11.1,14098,14662,9518,8.9,28816,11.1,14259,14557,9357,9.2,27590,10.9,13531,14058,9428,-,25569,-,12942,12627,9398,4.6,24525,4.9,12472,12052,9127,5.4,23272,5.8,12148,11124,8852,5.7,21985,5.5,10997,10989,8920,5.5,20697,5.8,10731,9966,13491,32804,16770,16034,12241,3.0,29025,4.3,14843,14183
"울산광역시",12124,,34078,,16886,17192,11772,3.6,33154,7.1,16502,16651,11769,4.1,32523,7.5,16155,16367,11997,4.5,32114,5.2,15878,16236,11559,5.1,29687,5.8,14495,15192,12385,-,31228,-,15514,15714,12451,2.5,31278,4.5,15407,15871,12070,2.9,30577,4.5,14753,15824,11772,3.1,28859,4.5,14098,14761,11478,3.2,27208,4.9,13100,14108,15284,36806,18468,18338,13408,2.5,30584,3.4,15029,15556
"울산시부",4381,,13187,,6627,6560,4101,6.8,12280,9.8,6252,6028,4231,7.7,12242,14.6,6225,6017,4591,8.6,12958,8.5,6576,6382,4397,9.5,12168,9.4,6099,6069,5082,-,13927,-,7003,6924,4901,4.2,13136,6.0,6722,6414,4942,4.1,13397,6.3,6796,6600,4820,4.2,12350,5.9,6357,5993,4648,5.3,11415,6.3,5568,5847,8563,21218,10729,10489,6988,4.2,16749,5.4,8407,8342
"울주군",7743,,20891,,10259,10632,7672,4.2,20873,8.6,10250,10623,7538,4.7,20281,8.0,9931,10350,7406,5.0,19156,6.5,9301,9855,7162,5.9,17519,7.4,8396,9123,7303,-,17301,-,8511,8790,7550,3.0,18142,6.5,8685,9457,7128,4.0,17181,6.3,7957,9224,6952,4.3,16509,6.5,7741,8768,6830,4.0,15793,7.2,7531,8261,6721,15588,7739,7849,6421,2.6,13836,3.9,6622,7214
"세종특별자치시",-,-,-,-,-,-,-,-,-,-,-,-,-,-,-,-,-,-,-,-,-,-,-,-,6072,5.3,15312,7.0,7571,7741,6571,-,16335,-,8175,8160,6304,2.5,14982,4.4,7411,7571,5918,3.0,14821,4.4,7465,7356,5789,3.5,14268,4.6,7145,7123,5878,4.4,13587,5.4,6909,6678,7163,17063,8496,8567,6573,3.7,15348,4.0,8036,7312
"경기도",135332,,412138,,206748,205390,137548,1.2,412351,2.6,206274,206076,137049,1.3,407109,1.9,203465,203644,133012,1.4,390378,1.5,193791,196587,129904,1.4,374872,1.6,186278,188594,126679,-,350200,-,175816,174384,120317,0.9,324562,1.2,163347,161215,117225,1.0,316573,1.3,159008,157565,113288,1.1,296350,1.4,148245,148105,109470,1.2,282343,1.5,141113,141231,120979,308677,156006,152671,114901,1.0,280300,1.1,140849,139451
"수원시",3004,,10098,,5079,5019,3024,7.2,9961,29.7,4878,5083,2877,7.0,9587,12.9,4807,4780,2823,7.2,9317,9.3,4531,4786,2732,7.4,8849,9.6,4333,4515,3357,-,10314,-,5228,5086,2939,5.0,9428,5.6,4652,4776,2825,5.0,9036,5.8,4550,4487,2702,5.4,8412,5.3,4186,4227,2688,7.3,8213,7.9,4007,4206,5427,15141,7653,7488,4833,6.4,11878,6.6,6120,5758
"성남시",973,,3139,,1644,1495,1062,16.3,3608,21.5,1758,1850,1023,20.2,3512,31.9,1773,1739,1039,18.6,3482,22.9,1729,1753,1005,20.8,3386,24.3,1677,1709,1092,-,3229,-,1675,1554,962,7.8,2769,9.6,1407,1361,1057,11.6,2924,14.3,1500,1425,924,13.6,2581,17.2,1329,1252,814,14.6,2293,17.9,1163,1130,1508,4105,2086,2019,1250,5.0,2740,5.2,1405,1334
"의정부시",1074,,3589,,1794,1795,1150,7.3,3600,23.0,1759,1840,1107,8.4,3468,13.0,1680,1788,1029,8.1,3181,10.2,1500,1681,958,9.9,2944,12.2,1426,1517,1265,-,3871,-,1919,1952,1138,4.2,3405,5.5,1680,1725,1106,4.1,3341,5.9,1663,1678,1035,4.5,3052,6.9,1536,1516,1002,5.0,2936,7.7,1490,1446,1459,4003,1963,2040,1246,5.8,3365,5.9,1532,1833
"안양시",525,,1761,,891,870,551,12.8,2091,27.1,1072,1019,508,17.0,1820,15.8,903,917,479,13.9,1666,15.1,803,863,438,7.5,1596,5.5,788,809,654,-,2037,-,1016,1021,577,5.7,1780,9.5,954,826,551,6.9,1722,11.5,950,772,542,6.7,1642,11.2,923,719,533,6.3,1724,11.7,964,760,1390,3851,1938,1913,1069,6.0,2702,7.5,1345,1358
"부천시",870,,2968,,1495,1473,824,7.1,2898,38.3,1444,1453,780,13.2,2652,15.2,1316,1337,750,16.0,2508,15.0,1239,1269,695,19.3,2263,18.4,1129,1134,997,-,3057,-,1562,1495,935,5.3,2783,8.3,1356,1427,928,5.3,2734,8.2,1300,1434,886,5.7,2479,8.7,1101,1378,889,10.3,2383,11.3,1127,1256,1474,4095,2086,2009,1291,6.0,3434,6.7,1556,1878
"광명시",668,,2166,,1084,1082,654,6.5,2086,15.6,1064,1022,653,7.7,2116,8.4,1072,1044,607,8.4,1946,8.9,995,951,593,9.1,1877,10.3,956,922,731,-,2183,-,1101,1082,655,6.1,1889,7.4,924,965,627,8.4,1925,8.9,935,990,591,10.5,1730,9.9,841,889,578,9.2,1647,8.8,809,839,842,2264,1151,1113,778,4.6,2050,6.2,1013,1037
"평택시",11106,,33967,,17027,16940,11238,4.3,33561,9.1,17109,16452,11123,4.1,32394,6.1,16271,16123,10506,4.5,30478,5.3,15110,15369,10291,4.9,29054,5.7,14423,14631,10013,-,27174,-,13627,13547,9119,3.7,23392,4.6,11794,11598,8891,3.8,22192,4.4,11178,11015,8719,4.0,21037,4.1,10467,10570,8437,5.0,20153,5.3,10169,9984,9054,22752,11471,11281,8174,4.7,19198,4.5,9459,9739
"동두천시",766,,2366,,1167,1199,780,11.4,2316,17.5,1090,1226,712,10.6,2165,14.8,1001,1163,703,10.4,2044,11.8,976,1068,726,7.7,2073,10.3,1009,1063,789,-,2251,-,1126,1125,736,5.1,2087,10.8,1075,1012,719,4.0,2022,9.9,1019,1002,673,6.1,1866,11.1,962,904,673,6.1,1866,11.1,962,904,837,2167,1101,1066,744,7.0,1841,7.3,955,886
"안산시",2076,,6285,,3166,3119,2076,3.8,6030,9.2,3074,2956,2027,8.7,5947,21.1,2925,3022,1971,9.5,5606,12.9,2690,2917,1962,9.5,5651,13.1,2735,2917,1987,-,5533,-,2773,2760,1943,4.6,5283,6.0,2794,2488,1886,4.3,5097,6.3,2708,2389,1804,4.4,4721,5.1,2549,2172,1759,5.2,4449,6.6,2373,2076,2009,5127,2578,2549,1894,4.2,4663,6.1,2447,2215
"고양시",6164,,20204,,10143,10061,6357,5.0,20877,11.1,10509,10368,6723,5.5,22275,9.0,11024,11251,6478,6.5,21077,7.8,10289,10788,5853,6.8,18758,8.7,9143,9614,6265,-,19103,-,9543,9560,5692,5.0,16838,5.6,8222,8617,5528,5.2,16417,5.9,7891,8526,5166,6.9,15476,7.5,7444,8032,5179,7.4,15442,8.1,7588,7854,5950,16666,8346,8320,5594,3.6,15236,5.4,7887,7349
"과천시",545,,1663,,828,835,504,10.8,1718,16.3,862,856,510,12.1,1709,19.2,875,833,534,10.9,1752,14.3,905,847,527,11.6,1839,17.4,921,918,506,-,1501,-,737,764,369,6.4,1079,7.2,539,541,378,7.3,1136,6.3,562,574,352,8.8,1081,12.2,549,532,333,9.1,919,16.8,461,458,357,989,488,501,246,12.5,560,14.0,271,289
"구리시",566,,1861,,936,925,586,8.5,1894,17.0,981,913,504,14.1,1583,17.6,839,745,536,11.5,1780,8.1,955,824,519,10.0,1849,6.5,990,859,494,-,1484,-,749,735,562,6.6,1734,9.6,856,878,528,5.9,1615,8.7,772,843,508,7.8,1371,9.8,682,689,484,7.9,1274,12.4,629,645,656,1806,909,897,538,7.3,1400,9.3,703,697
"남양주시",5695,,18941,,9578,9363,5636,6.5,17905,13.8,8989,8916,5916,8.2,18771,11.7,9500,9271,5630,9.3,17681,9.6,8882,8799,5680,9.0,17930,8.8,8910,9020,5183,-,15393,-,7758,7635,5099,7.3,15850,7.2,7922,7929,4926,7.5,15481,7.7,7695,7786,4741,8.0,13191,9.5,6442,6749,4289,10.3,11769,10.6,5660,6109,4930,13304,6700,6604,4214,4.3,10159,3.9,5180,4979
"오산시",1156,,3795,,1902,1893,1216,12.1,4001,17.4,2098,1903,1244,11.6,4022,5.4,2138,1884,1244,8.8,3844,6.3,1954,1890,1203,10.3,3551,7.8,1748,1803,1183,-,3672,-,1804,1868,1173,4.2,3828,5.6,1888,1940,1160,7.1,3686,8.4,1796,1890,1154,7.2,3469,9.3,1670,1799,1164,7.2,3379,9.0,1633,1746,1496,4233,2094,2139,1314,4.0,3555,3.4,1751,1803
"시흥시",1897,,6077,,3023,3054,1910,6.5,6644,20.6,3450,3194,1876,6.6,6366,9.9,3255,3111,1790,7.9,5974,9.2,3033,2942,1787,7.8,5787,9.0,2918,2870,1873,-,5535,-,2743,2792,1691,5.0,4940,6.3,2467,2474,1703,5.1,4868,6.6,2470,2398,1646,4.7,4643,6.1,2349,2294,1652,5.1,4524,6.4,2298,2226,1798,4679,2361,2318,1717,6.1,4601,5.7,2303,2298
"군포시",426,,1373,,692,681,445,9.2,1521,39.1,677,843,427,12.9,1453,12.6,634,818,388,15.1,1276,14.1,582,695,363,18.5,1139,23.0,522,617,493,-,1477,-,755,722,437,6.6,1185,7.2,602,583,411,7.1,1077,7.0,571,507,363,9.5,873,8.3,462,411,345,9.4,828,8.4,421,407,915,2536,1294,1242,733,6.6,2081,7.1,1079,1002
"의왕시",762,,2474,,1253,1221,826,6.0,2659,8.9,1351,1308,834,6.0,2581,10.5,1304,1277,832,4.3,2614,3.7,1303,1311,791,4.1,2432,3.1,1259,1173,817,-,2431,-,1245,1186,685,6.6,1981,8.7,911,1070,657,7.8,1969,9.7,902,1066,610,10.4,1717,10.3,822,895,535,10.0,1525,11.4,703,822,854,2303,1170,1133,744,6.7,1752,9.3,950,801
"하남시",1553,,5240,,2688,2552,1387,3.4,4659,11.4,2309,2350,1291,4.4,4285,9.0,2147,2138,1361,7.5,4420,9.4,2193,2227,1362,8.8,4381,10.1,2188,2193,1283,-,4001,-,2050,1951,1308,4.7,4203,8.5,2185,2018,1221,6.1,3867,9.9,1982,1885,1071,8.5,3054,10.6,1565,1489,944,8.7,2699,10.0,1428,1272,1078,2877,1468,1409,848,7.5,1954,8.7,1051,902
"용인시",7550,,23944,,11917,12027,7867,3.8,24408,9.6,12122,12286,7983,3.8,25171,5.9,12430,12741,7876,4.2,24819,4.6,12140,12679,7658,4.7,23210,4.9,11355,11855,7232,-,20807,-,10466,10341,6712,3.5,18624,4.3,9620,9004,6446,4.3,18019,4.8,9119,8901,6191,5.1,16631,5.5,8508,8122,5602,5.5,15224,5.9,7888,7336,7288,19295,9733,9562,7243,4.0,19022,5.1,9413,9610
"파주시",8390,,26309,,13162,13147,9119,3.5,27299,7.2,13680,13619,8842,3.9,25975,5.9,13183,12792,8284,4.7,24232,4.7,12105,12126,8100,5.2,23621,4.8,11845,11776,7864,-,22068,-,11088,10980,7223,3.8,20398,5.0,10407,9991,6897,4.1,19584,5.4,9825,9759,6774,4.6,18911,5.6,9469,9442,6790,3.9,18519,4.5,9276,9243,6555,16722,8425,8297,6736,5.3,16522,5.1,8544,7978
"이천시",9039,,27401,,13718,13683,9206,5.7,27002,7.8,13481,13521,9086,6.7,26613,8.2,13127,13486,8909,6.5,25373,6.8,12371,13002,8736,6.9,24584,7.4,12241,12343,8183,-,22409,-,11210,11199,8031,3.3,21188,4.4,10726,10462,7549,3.4,20049,4.6,10364,9684,7074,3.7,17437,4.2,8882,8554,6976,3.6,16939,4.3,8610,8329,8229,20607,10443,10164,7793,2.6,19603,3.9,10032,9572
"안성시",10022,,29479,,14808,14671,10084,4.6,29953,9.6,14978,14975,9871,4.7,29243,7.3,14522,14721,9708,5.1,28266,5.6,14114,14152,9538,5.9,26985,6.6,13350,13634,8578,-,22766,-,11522,11244,8634,3.0,21252,4.3,10733,10519,8603,3.4,21152,4.1,10484,10668,8559,3.9,20147,4.9,10017,10129,8518,4.5,19882,5.2,9960,9923,7943,19321,9817,9504,9352,4.9,20913,5.6,10421,10492
"김포시",6271,,19351,,9639,9712,6085,3.7,19280,7.7,9565,9715,5844,4.0,17836,7.9,8829,9007,5620,4.0,16790,5.5,8338,8452,5521,4.2,15542,5.4,7748,7794,5488,-,15355,-,7607,7748,5346,3.3,14724,4.9,7180,7544,4914,4.0,13683,5.9,6599,7083,4993,5.3,13915,6.9,6784,7130,5013,5.3,13779,7.7,6800,6979,4980,12830,6466,6364,5325,5.8,14178,6.9,6978,7200
"화성시",12606,,36946,,18585,18361,13851,4.7,39443,11.7,19797,19646,14464,5.6,41869,7.5,20773,21095,13983,6.0,39518,6.7,19321,20197,13958,6.1,39168,6.9,19295,19873,12264,-,32763,-,16449,16314,12326,3.2,31589,4.2,16224,15365,12484,3.1,32073,4.4,16532,15540,12182,3.5,30404,4.5,15525,14879,11726,3.8,29567,4.7,14916,14651,10395,26340,13344,12996,9904,3.5,24132,3.5,12311,11821
"광주시",4277,,13952,,7009,6943,3957,10.0,11482,11.7,5671,5810,3978,9.2,11740,8.9,5913,5828,3790,9.8,11245,7.5,5639,5606,3786,10.2,11297,7.0,5620,5677,4379,-,12862,-,6487,6375,4104,4.6,11479,5.5,5585,5894,3850,4.9,11064,6.1,5389,5675,3720,5.4,10508,6.6,5053,5455,3520,5.3,9406,5.7,4453,4953,3928,10358,5260,5098,3283,5.9,6881,7.9,3413,3467
"양주시",4846,,15429,,7804,7625,4924,6.8,15833,13.1,7905,7929,4689,7.3,14579,6.3,7454,7125,4487,6.5,13889,5.9,7118,6770,4372,7.2,13437,6.8,6997,6440,4318,-,12569,-,6397,6172,4017,4.9,11098,6.9,5574,5523,3906,4.7,10847,6.6,5366,5481,3798,5.4,10121,7.2,5005,5116,3620,6.3,9722,7.3,4824,4898,3735,9507,4819,4688,3403,4.6,9162,5.6,4531,4631
"포천시",7079,,20817,,10622,10195,7217,5.4,20714,9.3,10391,10323,7022,6.4,20303,9.9,10381,9921,6927,6.6,19798,7.1,10021,9777,6735,7.0,19009,7.8,9589,9421,6779,-,17712,-,8964,8748,6103,3.5,14788,4.6,7372,7416,6049,3.5,14310,4.0,7366,6944,5951,2.7,14352,3.9,7355,6997,5916,5.2,13836,5.5,6773,7063,6035,14270,7242,7028,5645,3.5,14012,4.9,6749,7263
"여주시",-,-,-,-,-,-,-,-,-,-,-,-,-,-,-,-,-,-,-,-,-,-,-,-,-,-,-,-,-,-,7241,-,18347,-,9172,9175,7481,6.0,20003,8.3,9816,10187,7325,6.4,19984,9.0,9951,10033,7114,6.6,18690,8.9,9365,9326,6676,7.0,16875,8.6,8527,8348,6878,16472,8381,8091,6403,3.4,15598,4.8,7745,7853
"여주군",8155,,23422,,11646,11776,8142,4.1,22724,7.8,11141,11583,8164,4.8,21845,10.2,10817,11028,8011,4.9,21805,7.3,10865,10940,7596,4.3,20019,6.1,9802,10217,-,-,-,-,-,-,-,-,-,-,-,-,-,-,-,-,-,-,-,-,-,-,-,-,-,-,-,-,-,-,-,-,-,-,-,-,-,-,-,-
"연천군",4175,,11317,,5697,5620,4025,5.3,10308,11.8,5400,4908,3958,5.7,10096,6.2,5292,4805,3798,5.3,9497,4.7,4948,4549,3645,5.8,9000,5.3,4713,4286,3557,-,8905,-,4460,4445,3438,4.5,7668,5.2,3848,3820,3377,4.2,7731,4.6,3791,3940,3241,4.3,7415,4.7,3654,3761,3142,4.5,7125,4.9,3562,3563,3079,6989,3543,3446,2926,3.3,6565,4.2,3393,3172
"가평군",4653,,12563,,6215,6348,4449,4.7,11922,7.6,5883,6039,4497,5.2,11940,5.6,5874,6066,4492,4.0,11624,3.7,5755,5869,4450,5.0,11415,4.3,5722,5693,4199,-,10365,-,5182,5183,3659,3.8,9701,5.9,4935,4767,3605,4.0,9655,6.4,4887,4768,3362,4.5,8936,6.9,4539,4397,3192,5.0,8261,6.8,4137,4124,3751,8481,4390,4091,3537,3.4,7774,5.3,4034,3740
"양평군",8443,,23241,,11536,11705,8398,3.6,23954,6.5,11786,12168,8517,5.2,23195,9.2,11405,11790,8430,5.1,22876,6.8,11388,11488,8326,5.3,22227,7.4,10926,11301,7615,-,19026,-,9401,9625,7226,3.8,17595,5.8,9098,8496,7118,4.1,17314,6.2,8891,8423,6841,4.1,16488,7.6,8207,8281,6483,4.8,15185,7.9,7502,7683,6149,14587,7286,7301,6126,2.6,12770,3.9,6277,6494
"강원도",72472,,191922,,95745,96177,71687,1.2,183273,2.2,91694,91579,71603,1.3,180144,2.2,90003,90141,71203,1.4,177227,1.6,87886,89341,69887,1.5,172026,1.6,85297,86729,73082,-,175567,-,87715,87852,72624,1.0,171363,1.4,85280,86083,68750,1.2,160871,1.4,79703,81168,67809,1.2,154098,1.4,76159,77939,66659,1.3,148545,1.6,73626,74919,67436,151326,76507,74819,68300,1.3,150005,1.5,75051,74955
"춘천시",6638,,18713,,9283,9430,6150,5.4,16323,9.6,7906,8417,5882,6.1,15671,8.7,7562,8109,5878,5.7,15272,6.7,7515,7757,5848,6.1,15020,6.7,7423,7597,6604,-,16902,-,8370,8532,5933,3.3,14470,4.3,7442,7028,5295,3.6,13110,4.9,6485,6625,5197,3.8,12513,5.2,6215,6298,5352,4.0,13017,5.4,6493,6524,6702,16143,8141,8002,6555,3.6,15580,4.6,7654,7927
"원주시",8424,,23952,,11938,12014,8904,3.6,24687,6.8,12451,12236,8727,3.8,23270,6.5,11807,11463,8655,3.9,23065,5.0,11295,11770,8515,4.5,22234,4.8,10857,11377,8606,-,22175,-,11064,11111,8322,2.3,20465,3.6,10074,10391,7810,2.9,19788,4.1,9812,9976,7625,3.0,18540,4.0,9334,9205,7383,3.3,17658,4.9,8952,8707,8935,21336,10697,10639,9513,4.5,21070,4.5,10645,10425
"강릉시",7405,,19735,,9888,9847,7028,4.1,17947,7.3,9004,8943,7379,5.2,18723,8.4,9161,9561,7354,5.4,18126,6.1,8791,9335,7147,5.5,17416,6.1,8401,9015,7460,-,18036,-,8976,9060,7106,3.9,17192,5.5,8248,8944,6217,4.4,14407,5.5,7069,7338,6012,4.5,13464,5.6,6569,6894,5704,5.6,12606,6.7,6284,6323,7046,15662,7924,7738,7208,3.8,16388,5.0,8432,7956
"동해시",2204,,5756,,2859,2897,2252,4.6,5771,9.3,2722,3049,2353,5.1,5877,9.7,2802,3075,2420,4.6,5908,6.4,2926,2982,2317,5.1,5634,7.4,2785,2849,2463,-,5865,-,2913,2952,2601,5.2,6159,6.0,3072,3086,2414,5.1,5616,5.3,2813,2803,2238,5.3,5029,6.0,2458,2571,2243,5.8,4897,6.5,2415,2483,2155,4805,2423,2382,1871,5.9,3914,7.7,1947,1967
"태백시",630,,1651,,848,803,658,6.2,1582,18.1,758,824,620,5.2,1503,9.3,740,763,569,7.4,1323,7.3,648,676,512,6.3,1189,8.4,585,604,665,-,1575,-,792,783,685,5.8,1612,4.8,787,825,658,6.6,1489,6.8,758,731,648,6.3,1463,7.0,752,711,637,6.2,1456,6.6,767,689,679,1479,761,718,663,8.6,1466,10.7,742,724
"속초시",915,,2533,,1256,1277,921,4.6,2570,13.3,1200,1370,992,5.6,2777,13.7,1298,1478,943,9.3,2665,11.6,1239,1426,992,10.9,2910,11.3,1412,1498,1072,-,2730,-,1370,1360,1049,4.1,2829,8.3,1451,1378,1037,5.1,2624,8.1,1273,1351,1015,5.5,2549,8.6,1274,1275,1027,6.2,2492,8.1,1262,1231,1027,2461,1232,1229,1111,8.5,2577,8.6,1291,1287
"삼척시",4580,,10623,,5183,5440,4759,6.2,10214,6.5,5014,5200,4624,6.4,9838,10.4,4828,5011,4621,8.5,9763,8.9,4735,5029,4549,8.6,9640,9.2,4732,4908,4606,-,9973,-,4875,5098,4752,4.6,9891,5.8,4604,5286,4461,5.1,9322,6.3,4263,5058,4286,5.4,8540,6.7,3899,4641,4427,4.5,8779,6.1,4031,4748,3974,8262,4048,4214,3993,5.1,7727,6.1,3797,3930
"홍천군",7323,,18979,,9358,9621,7045,3.9,17791,8.2,9075,8716,7107,3.3,17415,5.4,8921,8494,7108,4.0,17334,4.0,8795,8539,7074,4.2,17004,3.8,8457,8546,7423,-,17523,-,8763,8760,7441,3.5,17748,5.0,8900,8848,7139,3.4,17000,4.2,8361,8639,7180,3.4,16500,4.3,7979,8521,6829,4.3,15274,5.3,7330,7944,6788,15034,7611,7423,7186,3.8,15800,6.2,7936,7865
"횡성군",5669,,14889,,7452,7437,5359,4.3,13668,7.4,7052,6617,5320,4.2,13609,10.5,6855,6754,5242,3.4,13440,4.5,6677,6763,5084,3.7,12924,4.2,6426,6497,5547,-,13280,-,6671,6609,5952,3.3,13929,6.0,7122,6806,5719,4.1,12962,5.9,6556,6406,5696,4.2,12675,5.8,6344,6331,5676,4.1,12472,5.6,6205,6267,4879,10926,5585,5341,5550,4.9,11765,5.4,5930,5835
"영월군",3728,,8929,,4472,4457,3728,5.2,8527,12.7,4363,4164,3748,4.4,8544,6.9,4428,4116,3672,4.5,8144,5.4,4081,4062,3675,5.6,8054,5.7,4064,3990,3679,-,8091,-,4075,4016,3757,5.6,8093,6.1,3938,4155,3950,5.6,8217,5.6,3990,4227,4070,4.4,8156,4.8,3929,4227,3889,4.1,7743,4.7,3681,4062,3047,6160,3132,3028,3454,7.3,6820,7.0,3240,3579
"평창군",4730,,12176,,6119,6057,4591,3.4,11800,4.7,5977,5822,4746,4.4,11917,7.9,6039,5878,4805,5.8,11803,7.3,5952,5851,4749,5.7,11680,6.4,5856,5825,4448,-,10438,-,5251,5187,4244,3.5,10644,5.2,5198,5446,4310,5.6,10276,4.3,5090,5186,4414,5.7,10002,5.3,4989,5013,4496,5.2,9770,5.6,4877,4893,3915,8452,4330,4122,3849,7.2,8818,6.1,4528,4289
"정선군",3283,,8268,,4224,4044,3432,5.7,9020,10.9,4639,4381,3490,7.3,9198,8.9,4770,4428,3422,6.7,8634,7.8,4398,4236,3320,7.3,8358,8.1,4239,4119,3398,-,7706,-,3950,3756,3243,5.2,6842,7.3,3521,3321,3014,5.4,6798,7.8,3499,3300,2904,6.7,6395,8.5,3279,3116,2844,6.2,6041,7.7,3054,2987,2688,5545,2907,2638,2149,6.0,4293,6.4,2186,2107
"철원군",4363,,12476,,6234,6242,4098,2.5,11168,4.7,5490,5678,3897,2.5,10456,8.2,5186,5271,3938,3.0,10596,4.1,5293,5303,3911,2.6,10010,3.7,4981,5029,4186,-,10786,-,5426,5360,4637,4.7,11426,3.7,5805,5621,4403,5.5,10947,4.6,5558,5389,4276,6.1,10245,5.2,5101,5143,4125,7.0,10149,6.9,5092,5057,3806,9260,4689,4571,3615,5.3,8552,6.3,4249,4304
"화천군",2121,,5489,,2714,2775,2052,7.2,4850,13.2,2517,2334,1924,7.1,4633,11.8,2330,2303,1950,7.9,4740,7.2,2437,2303,1929,7.9,4604,8.1,2348,2256,2200,-,5156,-,2563,2593,2182,5.6,5244,6.5,2637,2606,1963,4.7,4620,6.0,2322,2297,1840,4.6,4302,6.8,2144,2158,1944,7.5,3989,7.4,1987,2002,1840,3955,1999,1956,1798,7.2,3714,8.9,1804,1909
"양구군",2186,,5978,,2993,2985,2101,4.4,5566,4.0,2822,2743,2000,3.9,5213,7.8,2564,2649,1993,5.1,5186,6.0,2574,2612,1952,4.9,5038,5.6,2497,2542,2169,-,5358,-,2714,2644,2242,5.9,5064,6.1,2675,2389,2113,6.5,4578,6.1,2447,2131,2157,7.3,4524,6.6,2392,2131,2131,7.2,4603,7.1,2507,2096,2280,5088,2605,2483,2151,6.1,4867,7.8,2462,2406
"인제군",2885,,7653,,3908,3745,3189,6.7,7994,9.9,4035,3959,3384,6.5,8191,8.9,4170,4020,3268,5.9,7916,6.7,4009,3907,3086,6.9,7328,8.1,3791,3537,3226,-,7651,-,3872,3779,3025,4.0,7135,5.1,3606,3529,2858,4.4,6684,5.1,3343,3341,2917,5.0,7137,5.9,3609,3528,2775,6.0,6435,6.7,3168,3267,2817,6166,3182,2984,2839,5.6,6114,7.0,3129,2985
"고성군",2341,,6281,,3135,3146,2346,3.0,5749,7.4,2716,3033,2349,3.2,5689,7.3,2765,2924,2311,4.7,5627,6.2,2685,2941,2244,4.7,5365,6.8,2620,2745,2334,-,5494,-,2727,2767,2332,4.2,5195,4.3,2626,2569,2457,4.9,5477,5.8,2731,2746,2471,4.8,5307,6.1,2631,2676,2511,5.5,5280,6.1,2618,2662,2125,4707,2332,2375,2101,5.5,4722,7.0,2247,2475
"양양군",3047,,7841,,3881,3960,3072,4.1,8046,7.1,3952,4093,3058,7.3,7619,6.7,3777,3842,3054,8.0,7686,7.4,3837,3849,2983,9.1,7619,8.1,3823,3796,2996,-,6828,-,3343,3485,3122,6.2,7428,6.6,3574,3854,2934,6.9,6956,6.5,3332,3624,2864,9.0,6761,7.9,3261,3500,2666,8.8,5885,8.2,2904,2981,2733,5885,2909,2976,2695,5.6,5818,6.3,2832,2986
"충청북도",79963,,211522,,105235,106287,80185,1.4,207174,2.6,102838,104337,79024,1.4,202735,2.8,99667,103068,78717,1.5,197410,1.8,97460,99950,76436,1.7,187752,2.0,92687,95065,74611,-,178248,-,89330,88918,74292,1.2,180565,1.5,89664,90901,72811,1.3,173436,1.7,86330,87106,70874,1.3,164387,1.7,82449,81938,70735,1.5,162083,1.9,81825,80258,66425,147904,74817,73087,70177,1.6,151793,1.7,76619,75174
"충주시",11110,,29655,,14773,14882,11207,4.6,29054,9.2,14257,14797,11079,4.5,28047,7.0,13686,14361,10826,4.8,27143,5.3,13107,14036,10773,5.3,26697,5.5,12873,13824,10742,-,26169,-,13136,13033,10386,3.0,25525,4.4,12733,12792,10138,3.7,23700,4.3,11897,11803,9670,3.6,22408,4.6,11523,10885,9678,3.9,22397,4.7,11595,10803,8933,20202,10236,9966,9913,5.3,20703,5.4,10140,10563
"제천시",7291,,18733,,9416,9317,7167,3.8,17449,6.7,8715,8734,6876,3.9,16985,8.6,8312,8673,7046,4.5,17049,5.3,8291,8759,7553,5.9,17876,6.9,8714,9162,7331,-,17353,-,8723,8630,7890,3.5,17789,4.9,8938,8851,7784,3.5,17331,4.5,8783,8548,7456,3.9,16005,4.2,8169,7836,7436,4.3,15577,4.6,7996,7581,6383,14051,7116,6935,6053,5.2,12695,5.0,6470,6225
"청주시",6405,,20279,,10276,10003,7318,4.3,22525,10.4,11545,10980,6854,5.1,20726,9.9,10664,10062,7320,6.7,21796,7.1,11456,10339,6861,8.7,20346,8.8,10645,9701,16480,-,42574,-,21560,21014,16740,3.0,45264,3.3,22602,22662,16719,3.3,44290,4.0,22357,21934,16374,3.2,41421,3.8,20768,20653,16625,3.7,41172,5.1,20938,20234,15977,38113,19231,18882,17017,3.4,40044,3.8,20305,19738
"청원군",11834,,32830,,16384,16446,11681,5.6,32106,9.0,15848,16259,11422,4.6,31400,8.7,15355,16044,11278,5.0,29771,5.6,14663,15108,9589,5.8,24611,6.2,12254,12357,-,-,-,-,-,-,-,-,-,-,-,-,-,-,-,-,-,-,-,-,-,-,-,-,-,-,-,-,-,-,-,-,-,-,-,-,-,-,-,-
"보은군",5533,,13421,,6520,6901,5549,4.0,12898,7.5,6160,6738,5585,3.8,12877,7.6,6064,6813,5617,4.5,12721,5.5,6108,6614,5530,4.7,12178,6.1,5765,6413,5105,-,11492,-,5657,5835,4632,3.4,10773,6.9,5298,5475,4543,4.0,10499,6.5,5169,5330,4439,3.5,10145,6.7,5064,5081,4479,4.5,10012,6.6,4949,5063,4099,8762,4387,4375,4280,4.6,9428,4.6,4538,4890
"옥천군",6829,,17300,,8526,8774,6694,3.0,17126,8.4,8404,8723,6370,4.1,16179,11.8,7895,8284,6194,4.2,15274,7.4,7569,7706,6192,4.5,15147,6.5,7554,7593,5936,-,13608,-,6750,6858,6110,3.7,14459,5.2,6909,7550,5987,4.0,13614,5.0,6616,6997,5696,3.4,12915,5.2,6279,6636,5426,3.9,12162,4.5,5983,6179,5267,11283,5694,5589,5145,5.0,10813,6.5,5520,5293
"영동군",7214,,18342,,8946,9396,7313,3.4,18049,5.6,8732,9316,7330,3.2,17789,7.9,8544,9245,7326,3.6,17443,4.9,8470,8972,7238,3.7,16802,5.0,8253,8549,6974,-,15806,-,7734,8072,6860,2.7,15429,3.9,7289,8140,6684,3.0,14716,4.0,6859,7857,6589,2.9,14155,3.4,6783,7371,6609,3.3,13954,4.2,6617,7337,5958,12685,6388,6297,6501,5.6,12786,7.2,6492,6294
"진천군",5270,,14069,,7006,7063,5031,3.1,12749,8.3,6386,6363,5116,4.0,13043,9.5,6537,6506,4909,4.5,12115,5.9,6003,6113,4923,6.5,11753,6.9,5738,6015,4513,-,10909,-,5473,5436,4925,5.0,11929,6.6,5941,5988,4998,4.2,12242,6.0,5965,6277,4832,5.1,11200,7.1,5524,5675,4749,5.0,11346,6.9,5733,5613,3592,7998,4044,3954,4387,4.4,9499,4.5,4814,4685
"괴산군",6034,,14642,,7217,7425,6174,4.6,14829,7.9,7389,7440,6271,5.2,15009,8.5,7331,7678,6201,6.7,14272,6.9,6991,7281,6120,4.0,13594,4.7,6637,6958,5644,-,12417,-,6191,6226,5330,4.6,12243,4.8,6173,6070,5094,6.1,11649,7.2,5839,5811,5048,6.1,11407,6.7,5734,5673,5227,5.5,11429,6.1,5728,5701,5187,10706,5466,5240,5724,4.9,11358,5.3,5942,5416
"음성군",7261,,19371,,9828,9543,7055,3.2,17830,5.5,9213,8617,7185,4.0,18494,7.8,9292,9202,7255,4.0,18307,4.9,9165,9141,7191,4.9,18149,6.8,9119,9030,6780,-,16469,-,8381,8088,6614,2.6,16733,4.3,8573,8160,6357,5.4,15649,5.8,7978,7670,6363,5.8,15507,6.1,7984,7524,6271,6.9,15278,7.4,7820,7458,6318,14291,7301,6990,6626,3.9,14797,4.8,7433,7364
"단양군",3482,,8173,,4020,4153,3354,6.8,8207,8.3,3948,4259,3333,6.7,8035,13.0,3866,4170,3213,6.6,7506,8.0,3583,3923,3037,4.6,6923,4.3,3303,3620,3471,-,7434,-,3710,3724,3198,8.3,6572,7.0,3377,3194,2978,3.8,6199,6.1,3184,3015,2951,5.1,5899,5.5,3051,2848,2842,5.2,5560,5.3,2895,2665,3227,6424,3246,3178,3161,5.7,6396,6.0,3204,3192
"증평군",1700,,4707,,2323,2384,1641,5.9,4352,9.4,2241,2112,1603,6.2,4152,10.0,2121,2031,1532,5.4,4012,6.2,2054,1958,1428,4.9,3677,5.9,1832,1845,1635,-,4017,-,2015,2002,1608,3.8,3849,4.7,1831,2018,1528,8.5,3548,7.1,1683,1865,1456,8.5,3324,6.8,1570,1754,1392,8.7,3196,6.8,1571,1625,1484,3389,1708,1681,1370,7.6,3274,8.7,1760,1514
"충청남도",151424,,394324,,193957,200367,150207,1.1,378094,1.8,186365,191729,146876,1.3,367944,1.9,180014,187930,144033,1.3,356158,1.4,172802,183356,135335,1.4,328993,1.4,158926,170067,132008,-,308455,-,152354,156101,128275,0.9,296801,1.1,145866,150935,125886,1.0,288800,1.2,141639,147161,123480,1.1,276426,1.2,135457,140969,119903,1.1,263124,1.3,129396,133728,122142,266509,132363,134146,120324,1.2,252078,1.4,124255,127824
"천안시",12406,,36774,,18422,18352,12515,4.9,34912,7.2,17403,17508,11978,5.1,33207,6.7,16456,16751,12218,4.8,33803,5.5,16752,17051,11906,5.4,32240,5.6,15975,16265,11651,-,31268,-,15759,15509,11861,4.0,29257,4.1,15035,14222,12126,4.1,29933,4.0,15092,14841,11477,4.8,27799,4.8,13942,13856,11300,4.9,27424,4.9,13821,13603,11111,27245,13657,13588,9721,4.4,22876,4.8,11333,11544
"공주시",12089,,31577,,15651,15926,11943,4.1,31068,6.3,15671,15397,11740,6.5,30457,8.0,15085,15372,11611,4.4,29179,4.6,13972,15207,11394,5.2,28401,4.9,13578,14823,10151,-,24111,-,12081,12030,9770,3.9,24469,4.1,11920,12550,9740,3.5,23818,4.8,11639,12179,9554,4.0,22287,5.2,11159,11128,9441,4.2,21460,5.2,10629,10831,9281,20258,10228,10030,10267,4.7,22173,4.9,11249,10923
"보령시",9006,,22632,,11082,11550,8808,3.2,21456,4.9,10522,10934,8447,3.7,20899,5.9,9898,11001,8400,3.6,20188,4.0,9604,10584,8178,3.6,19565,4.3,9430,10135,8646,-,19791,-,9783,10008,8675,4.3,18980,4.7,9234,9747,8418,5.9,18751,6.3,9155,9597,8098,5.3,17542,6.1,8420,9122,7502,5.7,16024,6.5,7691,8333,7792,16641,8260,8381,6998,4.8,14053,6.4,6944,7108
"아산시",10499,,30019,,15026,14993,10706,5.1,30090,6.5,15164,14926,10462,7.5,28845,6.7,14554,14291,10202,7.4,27557,7.0,13532,14024,10061,7.4,26755,6.6,13104,13651,9463,-,23232,-,11675,11557,9332,3.1,21662,4.0,10767,10895,8851,3.4,21264,4.2,10685,10580,8835,3.9,20971,4.6,10343,10628,8684,3.8,20231,4.1,9986,10245,8847,19952,9997,9955,8627,6.8,17652,6.6,8625,9027
"서산시",13320,,33778,,16492,17286,13107,3.3,33007,7.2,16168,16839,13046,3.1,32801,6.3,16336,16465,12846,3.0,30619,3.5,15042,15577,12810,3.3,29958,3.3,14620,15338,12229,-,28243,-,13823,14420,11677,2.9,26822,3.0,12936,13886,10319,3.3,22925,3.3,10959,11966,9833,3.7,21375,4.0,10322,11053,9510,3.5,20173,4.1,9720,10453,11082,24141,11895,12246,11054,4.1,23163,4.4,11495,11668
"논산시",11925,,31185,,15364,15821,11676,4.1,31326,7.6,15191,16135,11348,4.6,30080,7.1,14490,15589,10500,5.4,27574,5.4,13391,14183,9931,6.4,25733,5.9,12290,13443,10572,-,24909,-,12405,12504,10429,3.9,24215,4.2,11638,12576,10609,3.2,24402,3.8,11671,12731,10466,3.6,22903,3.5,10950,11952,10414,3.6,21639,3.7,10496,11143,9882,21247,10614,10633,9754,4.8,19209,5.0,9890,9319
"계룡시",549,,1647,,815,832,548,7.3,1540,16.1,751,790,552,10.0,1576,10.0,745,832,519,9.9,1521,10.2,708,813,554,5.9,1564,9.4,753,811,558,-,1499,-,748,751,543,5.3,1398,6.7,699,698,542,7.7,1343,8.7,642,701,514,8.3,1206,9.9,586,620,512,11.3,1174,12.8,598,577,513,1237,619,618,486,10.7,1103,12.8,518,585
"당진시",-,-,-,-,-,-,-,-,-,-,-,-,-,-,-,-,-,-,-,-,-,-,-,-,-,-,-,-,-,-,11533,-,27230,-,13476,13754,12195,3.0,30532,4.0,15576,14956,11946,4.2,28309,4.3,14311,13998,11702,4.0,26870,4.1,13435,13436,11160,4.1,25823,4.8,13175,12648,10177,22898,11346,11552,11265,3.2,22558,3.9,11171,11387
"금산군",7638,,19188,,9453,9735,7300,3.9,17187,4.9,8470,8717,7115,6.0,17254,9.8,8438,8815,7559,8.1,18225,5.1,8981,9243,7424,8.2,17674,5.4,8686,8988,6783,-,14641,-,7272,7369,6958,3.6,15827,7.3,7828,7999,6379,3.9,15040,6.1,7496,7545,6284,4.8,13795,7.6,7028,6767,6309,4.5,13605,6.8,6789,6816,6001,13183,6550,6633,6393,4.2,13902,6.2,6668,7234
"연기군",5520,,15228,,7602,7626,5483,5.9,14522,8.9,7270,7252,5509,7.4,14372,11.0,7111,7261,5583,7.8,14766,8.5,7174,7592,,-,,-,,,-,-,-,-,-,-,-,-,-,-,-,-,-,-,-,-,-,-,-,-,-,-,-,-,-,-,-,-,-,-,-,-,-,-,-,-,-,-,-,-
"부여군",10905,,27798,,13718,14080,10856,2.9,26267,5.8,12944,13322,10247,3.5,25275,5.2,12382,12893,9978,3.3,24200,3.9,11824,12376,10046,3.2,23763,3.1,11604,12159,9607,-,22213,-,10989,11224,8904,3.6,20298,4.3,9789,10509,8902,3.9,20014,4.0,9510,10504,8615,4.5,19607,4.7,9333,10274,8335,4.5,17727,5.0,8624,9103,9279,19918,9928,9990,7995,2.2,16658,3.6,7954,8704
"서천군",7136,,17255,,8461,8794,7022,3.9,16224,6.1,7615,8608,6961,5.0,15689,9.0,7359,8330,6538,5.8,14270,5.8,6668,7602,6560,6.3,13994,5.3,6351,7643,6651,-,14651,-,7171,7480,5713,4.4,11485,5.0,5404,6081,6471,3.9,13166,3.6,6290,6875,6641,4.3,14156,3.9,6934,7222,6559,3.5,13815,4.0,6744,7071,5940,12146,6067,6079,6888,7.2,14138,6.5,7032,7106
"청양군",6427,,15694,,7628,8066,6062,5.1,13839,9.3,6893,6945,5939,4.5,13698,8.7,6802,6896,5805,5.1,13257,4.4,6614,6643,5761,5.3,13026,4.8,6378,6648,6837,-,14960,-,7253,7707,6150,3.8,13354,3.9,6538,6816,5899,4.0,12796,3.8,6226,6570,5761,3.6,12264,3.4,5878,6386,5612,3.6,12014,3.4,6012,6003,6355,12933,6454,6479,5763,2.9,11506,3.9,5411,6095
"홍성군",11082,,28274,,13663,14611,11148,2.8,26685,5.2,13083,13603,10981,3.9,26422,8.4,12830,13592,10503,4.3,24815,5.2,11967,12848,10092,4.5,23686,5.2,11324,12363,9628,-,22243,-,10807,11436,8804,3.2,18474,3.4,9138,9335,8553,3.5,18029,3.3,8935,9095,8411,3.4,17289,3.7,8568,8721,8097,3.5,16281,3.9,7916,8364,10029,21265,10331,10934,9417,3.3,20280,5.7,9983,10297
"예산군",11118,,28280,,13878,14402,11247,3.2,26587,4.7,13100,13486,11288,3.8,26171,5.1,12842,13329,11066,3.8,26420,4.3,12710,13710,10671,4.0,24979,4.7,12164,12815,10314,-,23744,-,11639,12105,10041,2.7,24641,3.5,12240,12402,9922,2.6,23743,3.4,11757,11986,9896,3.3,22629,3.7,11076,11553,9380,4.1,21210,4.4,10307,10903,9273,20065,9944,10121,8812,3.6,18838,4.9,9403,9435
"태안군",8315,,19266,,9135,10131,8426,7.0,19274,11.1,9331,9943,8212,7.5,18856,9.0,9027,9829,8456,6.4,19665,6.9,9312,10354,8196,7.3,18816,7.6,8838,9978,7385,-,15720,-,7473,8247,7223,2.6,15388,4.0,7124,8263,7207,4.1,15266,4.9,7272,7994,7393,4.2,15733,4.4,7482,8251,7089,4.1,14525,4.5,6890,7634,6580,13380,6473,6907,6885,5.8,13969,5.8,6577,7392
"당진군",13489,,35729,,17567,18162,13359,4.3,34112,6.9,16789,17323,13052,4.4,32343,5.9,15659,16684,12251,4.2,30100,5.2,14551,15549,11751,3.8,28840,5.1,13833,15007,-,-,-,-,-,-,-,-,-,-,-,-,-,-,-,-,-,-,-,-,-,-,-,-,-,-,-,-,-,-,-,-,-,-,-,-,-,-,-,-
"전라북도",109433,,277611,,135598,142013,104734,1.3,259552,2.3,127793,131759,105759,1.4,263112,2.4,129519,133593,105880,1.6,258880,1.8,126892,131988,104036,1.6,250581,1.9,122465,128116,100362,-,227431,-,111688,115743,98930,1.2,224661,1.5,110612,114049,96780,1.3,214548,1.6,105488,109061,94935,1.4,208600,1.7,102385,106215,94735,1.5,204124,1.7,100376,103748,93305,199157,99156,100001,90862,1.4,188689,1.5,92814,95875
"전주시",6806,,21167,,10552,10615,6451,6.6,19729,9.9,9950,9779,7137,5.5,21538,7.6,10937,10601,7989,8.0,25159,8.7,12749,12410,7962,9.6,23844,10.2,11930,11915,7643,-,20792,-,10396,10396,7216,4.3,17901,5.0,8729,9171,7208,4.6,17571,5.5,8700,8871,6772,5.3,16138,6.5,8049,8089,6594,5.2,15481,6.3,7630,7852,8310,20756,10384,10372,7391,5.4,17242,6.1,8755,8488
"군산시",7342,,20080,,9966,10114,6947,3.9,18422,9.2,9667,8754,7271,5.3,19566,10.3,10011,9554,7199,5.4,18929,7.2,9652,9278,7039,6.3,18503,8.1,9380,9123,7074,-,16618,-,8247,8371,7314,4.6,17943,6.8,9198,8745,6832,5.7,15454,6.9,7770,7683,6754,5.3,15361,6.5,7677,7684,6973,4.7,16112,5.4,7968,8144,6659,14396,7137,7259,6637,4.7,13270,4.7,6437,6833
"익산시",11810,,33134,,16487,16647,11637,3.8,32028,7.1,16239,15790,11780,4.2,32386,6.0,16352,16034,11357,4.8,29993,5.1,14815,15178,11044,4.6,28719,4.5,14287,14433,10577,-,25402,-,12701,12701,11675,5.0,28863,4.1,14897,13965,10922,4.8,26840,4.7,13593,13246,10767,5.1,25589,5.2,12928,12662,10912,5.0,25184,5.0,12998,12186,10590,23398,11738,11660,9960,4.7,21113,4.3,10352,10761
"정읍시",10972,,26794,,13146,13648,9538,4.5,19079,9.1,9479,9601,9439,5.0,19839,9.4,9828,10011,9425,4.9,19417,5.2,9660,9757,9282,4.5,19192,5.2,9557,9635,9957,-,21129,-,10409,10720,10199,3.6,22651,4.5,11038,11613,9801,4.2,21965,5.4,10763,11202,9658,4.3,21469,6.0,10652,10817,9824,4.8,21521,6.4,10521,11000,9953,20377,10218,10159,10368,4.1,22239,4.3,10869,11370
"남원시",9457,,23032,,11016,12016,9361,4.1,22887,6.6,11296,11590,9155,4.3,22200,6.0,10796,11403,9178,4.8,21859,4.8,10590,11269,8963,4.2,20712,4.7,9958,10754,8771,-,19363,-,9290,10073,8393,4.1,18925,4.7,9007,9918,8323,4.5,18397,5.2,8726,9671,8038,5.2,17010,5.1,7974,9036,7843,5.7,16194,6.2,7656,8538,6979,14793,7289,7504,6587,9.4,13023,9.9,6293,6730
"김제시",11823,,29198,,14245,14953,11272,3.5,27913,5.2,13634,14278,11518,4.7,28618,6.0,14226,14392,11187,4.7,27130,4.5,13545,13585,11017,4.5,26454,4.3,13312,13142,8624,-,19664,-,9861,9803,8901,2.8,20486,5.4,10160,10326,9390,3.6,20326,5.4,10276,10050,9433,4.1,20882,5.9,10284,10598,9161,6.0,18692,6.8,9305,9387,7306,15450,7765,7685,7120,3.2,14451,4.6,6955,7496
"완주군",9232,,25571,,12742,12829,8829,4.8,24556,6.4,11984,12572,8539,5.8,23607,9.9,11671,11936,8604,6.6,23066,7.8,11262,11805,8341,6.8,22263,8.3,10904,11358,7921,-,19156,-,9526,9630,7247,3.8,16847,4.4,8541,8306,7503,4.4,17352,4.4,8844,8508,7444,4.9,17113,4.3,8676,8437,7226,5.3,16059,4.8,8217,7842,7500,16484,8283,8201,6907,4.3,14716,5.2,7270,7446
"진안군",4630,,10386,,5058,5328,4284,4.0,9928,5.4,4834,5093,4390,3.9,9989,9.2,4797,5192,4418,5.1,9665,5.3,4660,5005,4370,5.6,8883,7.1,4232,4651,4033,-,8546,-,4210,4336,3925,4.0,8697,8.9,4150,4547,3734,5.1,8008,10.4,3909,4099,3642,5.5,7676,11.1,3754,3922,3605,5.3,7511,10.6,3674,3837,3462,6820,3394,3426,3424,4.2,7117,7.8,3502,3615
"무주군",4251,,9983,,4783,5200,4160,6.4,9728,12.0,4603,5125,4276,6.7,9903,10.2,4677,5226,4207,6.4,9388,7.3,4447,4941,4087,7.2,9527,7.1,4480,5047,3912,-,8643,-,4204,4439,3675,4.9,8333,5.1,3862,4471,3438,5.4,7748,5.5,3550,4198,3413,6.2,7645,5.8,3533,4112,3532,5.9,7790,5.5,3650,4140,4544,9341,4668,4673,4323,2.5,8816,3.7,4571,4245
"장수군",4320,,10749,,5246,5503,4341,2.2,11282,4.9,5565,5717,4446,3.2,11494,7.2,5707,5788,4396,4.3,10985,4.6,5461,5523,4268,4.7,10416,4.4,5171,5245,4199,-,9658,-,4706,4952,4546,4.7,9602,5.6,4718,4883,4341,4.0,9150,5.3,4367,4783,4203,3.0,8617,4.3,4265,4352,4292,3.5,9192,4.6,4576,4616,3984,8519,4212,4307,4233,5.5,8815,5.3,4254,4561
"임실군",5548,,12480,,5981,6499,5331,5.4,12111,11.5,5629,6482,5375,5.3,12065,9.5,5569,6496,5480,6.4,12129,8.0,5675,6454,5255,7.1,11574,8.6,5386,6188,4729,-,9974,-,4876,5098,4550,5.1,9758,9.4,4632,5126,4386,6.0,9621,10.1,4756,4865,4301,5.8,9879,9.5,4911,4969,4254,8.1,9311,11.3,4509,4802,4026,8158,4033,4125,4518,6.7,8981,8.6,4303,4677
"순창군",5290,,12310,,5824,6486,5217,3.0,11696,6.5,5535,6161,5148,2.5,11688,10.8,5598,6090,5167,4.3,11227,4.3,5270,5957,5314,3.8,11548,6.0,5377,6171,4864,-,10233,-,4818,5415,4911,4.0,10485,6.0,4877,5608,4904,3.3,10046,5.8,4610,5437,4787,5.8,9895,9.0,4650,5245,4732,6.3,9012,8.3,4226,4786,4653,9440,4536,4904,4518,5.1,8344,6.5,4017,4327
"고창군",10471,,24623,,11823,12800,9704,5.4,21657,7.6,10603,11055,9692,4.7,21818,7.6,10562,11256,9688,5.4,21595,4.6,10365,11230,9629,5.4,21148,5.2,10062,11086,8832,-,19376,-,9442,9934,9039,3.1,18533,4.4,9122,9411,8971,3.7,17844,4.9,8683,9161,8841,3.9,17658,5.2,8435,9223,8765,3.7,18336,4.5,8796,9540,7975,16401,8132,8269,7970,3.6,16347,3.6,8198,8150
"부안군",7481,,18104,,8729,9375,7660,5.5,18536,13.4,8774,9762,7594,6.6,18403,13.5,8789,9614,7584,6.8,18338,9.3,8742,9596,7466,6.8,17798,8.9,8430,9367,9226,-,18877,-,9002,9875,7338,4.2,15638,5.4,7680,7958,7026,5.2,14226,6.3,6940,7287,6883,4.9,13669,5.5,6598,7071,7021,5.5,13729,5.7,6649,7079,7364,14824,7367,7457,6908,3.9,14215,5.1,7037,7178
"전라남도",170213,,395835,,187316,208519,167086,1.0,379767,1.7,180646,199121,164248,1.1,370614,2.0,174532,196082,164834,1.2,370954,1.5,173866,197088,160142,1.2,355601,1.5,166586,189015,150141,-,318848,-,151694,167154,151059,1.1,321395,1.4,151655,169740,146481,1.1,315035,1.3,148778,166257,145223,1.1,306365,1.3,144756,161609,143798,1.1,297890,1.4,140445,157444,136972,280060,135780,144280,146024,1.1,290551,1.3,139677,150875
"목포시",1436,,4344,,2121,2223,1371,8.7,3976,13.7,2119,1857,1184,12.8,3407,15.2,1819,1588,1259,14.2,3505,17.0,1802,1703,1190,13.7,3168,18.1,1566,1602,1379,-,3455,-,1701,1754,1357,6.4,3403,7.6,1709,1694,1383,6.1,3433,5.7,1705,1728,1341,6.4,3329,7.0,1629,1700,1357,6.3,3332,8.0,1628,1705,2086,5055,2512,2543,1652,9.7,3933,9.9,1892,2041
"여수시",9978,,23747,,11092,12655,11150,4.2,26574,6.8,12332,14242,11250,4.3,26926,10.9,12484,14442,11305,5.1,26706,6.8,12160,14546,11263,5.2,25533,7.4,11573,13960,9495,-,20284,-,9469,10815,8859,3.7,19585,5.0,9407,10178,9093,4.8,21022,6.2,10169,10853,8867,5.0,19650,6.1,9408,10242,8582,5.2,18889,6.4,9138,9752,7948,16444,7781,8663,8728,4.0,17626,3.8,8573,9054
"순천시",12086,,29927,,14283,15644,12624,3.7,32784,7.6,15787,16997,12271,4.3,32296,6.7,15220,17075,12889,4.4,33811,5.5,16152,17660,12301,4.8,32040,5.4,15471,16569,11325,-,24987,-,12100,12887,10978,3.4,25373,4.5,12183,13190,11240,3.2,26104,3.9,12732,13372,10763,3.6,24376,3.6,11989,12387,10614,4.0,24211,4.4,11955,12257,11869,26052,12706,13346,13255,4.8,28155,5.0,13484,14671
"나주시",11790,,28117,,13527,14590,12260,5.3,27985,6.3,13569,14415,11985,5.6,27732,5.2,13646,14086,12311,5.2,28615,3.7,13816,14799,12360,4.6,28608,3.4,13764,14843,10124,-,21663,-,10513,11150,10327,5.5,22772,6.1,11019,11753,9329,6.6,20984,6.0,9849,11135,9579,6.6,21132,6.5,10062,11070,9496,5.5,21200,7.6,10219,10981,9087,17982,8799,9183,10060,3.6,19975,4.2,9422,10553
"광양시",6547,,16836,,8098,8738,7105,7.8,18013,9.8,8771,9242,6984,7.4,17280,8.7,8276,9003,6826,7.8,16271,8.1,7782,8489,6417,8.1,14932,8.4,7060,7872,6486,-,14698,-,6974,7724,7052,5.9,16865,9.3,8091,8774,6919,5.8,15916,8.3,7521,8395,6872,5.8,15875,8.1,7563,8312,6877,6.1,15942,8.7,7738,8204,6942,15331,7439,7892,6855,3.2,14843,4.5,7290,7554
"담양군",6544,,16876,,8230,8646,6076,3.4,15576,4.6,7566,8010,6199,4.0,15415,8.3,7318,8096,6307,4.0,15701,4.1,7417,8284,6048,3.6,15197,5.0,7258,7939,5693,-,12875,-,6187,6688,5530,5.0,11695,8.3,5576,6119,5267,5.0,11909,7.9,5563,6346,5223,4.6,11692,6.6,5500,6192,5220,4.3,10726,6.6,4885,5841,5426,11028,5373,5655,6340,4.8,12448,6.2,5873,6575
"곡성군",5694,,12792,,5863,6929,5556,4.7,11563,10.1,5351,6212,5440,4.9,11317,10.3,5248,6069,5454,5.1,11598,5.9,5465,6133,5424,5.7,11322,6.3,5333,5989,5357,-,10938,-,5069,5869,5269,4.9,11965,7.1,5905,6060,5211,4.4,11088,6.7,5287,5801,5047,5.6,10753,6.5,5179,5574,5001,6.1,10662,7.4,5107,5554,4674,9090,4276,4814,4462,5.6,8610,6.3,3974,4636
"구례군",4246,,9849,,4599,5250,4084,3.8,9456,8.9,4440,5016,3871,5.5,8734,8.9,3979,4755,3831,5.8,8542,6.4,3889,4653,3893,5.6,8645,6.5,3935,4710,3971,-,8613,-,4026,4587,4169,5.0,9481,5.8,4328,5154,4079,5.6,9406,6.1,4387,5019,4001,4.7,8957,6.0,4146,4811,3940,4.4,8338,6.1,3959,4379,3943,8241,3867,4374,4074,6.0,7816,6.9,3634,4183
"고흥군",14033,,29581,,13493,16088,13465,3.9,28387,7.1,13252,15136,13045,4.2,28002,7.9,13299,14703,12909,4.0,27054,4.8,12681,14373,12521,5.5,25292,6.8,11671,13621,13033,-,25180,-,11528,13652,13721,3.9,26266,4.8,11979,14288,12210,3.7,23921,4.2,10819,13102,12096,3.7,23206,3.6,10569,12637,11631,4.0,22047,3.7,10071,11976,10062,19349,9191,10158,9230,3.1,17127,4.2,7879,9247
"보성군",8157,,18211,,8503,9708,7793,4.4,17855,7.5,8640,9215,7819,3.7,17634,10.0,8412,9221,7603,4.0,17050,4.6,8087,8963,7463,3.7,16150,3.7,7743,8407,7056,-,14590,-,6850,7740,7050,3.6,14406,4.1,6768,7637,6938,4.0,14079,4.4,6746,7333,6814,3.8,13843,3.9,6585,7259,6841,4.0,13880,4.0,6545,7335,5568,10889,5272,5617,7185,6.9,13143,7.7,6011,7132
"화순군",8186,,18466,,8506,9960,7102,2.4,16322,5.7,7606,8715,6744,3.7,15614,8.8,7205,8409,6498,3.8,14953,5.0,6836,8117,6213,4.6,13885,5.4,6280,7605,6970,-,14326,-,6601,7725,6439,7.1,13469,9.4,6085,7384,6068,7.1,12416,9.5,5453,6963,5766,7.8,11468,9.0,5235,6233,5735,7.7,10856,10.0,4729,6127,5893,11603,5571,6032,6229,5.4,11470,7.0,5235,6235
"장흥군",6674,,15487,,7333,8154,6254,4.2,14535,9.1,6810,7726,5817,4.3,12803,9.1,5881,6922,5793,5.1,12438,5.6,5618,6820,5402,4.4,11539,4.8,5158,6381,5394,-,11713,-,5661,6052,5244,4.1,10376,6.4,4692,5685,5025,4.8,10171,6.0,4791,5380,4873,4.6,9736,5.8,4460,5276,4806,5.1,9117,6.6,4310,4807,5772,11547,5600,5947,5696,5.0,10701,6.1,4898,5804
"강진군",6406,,14420,,6738,7682,6209,4.6,12791,8.9,6077,6715,5901,5.0,11468,5.5,5295,6173,5567,5.8,10699,5.9,4781,5918,5392,5.4,10429,6.3,4659,5770,5408,-,11212,-,5275,5937,5614,6.0,11351,4.9,5310,6041,5828,6.2,12225,5.8,5645,6580,6332,6.3,12229,5.3,5390,6839,6414,5.0,12094,5.3,5428,6666,5305,10264,4897,5367,5411,4.5,10616,4.5,5030,5586
"해남군",11829,,27233,,12982,14251,10976,4.3,24017,7.0,11044,12974,10988,4.4,23962,6.5,10923,13039,10935,4.4,23470,3.7,10742,12728,10745,4.6,22572,4.1,10175,12397,10284,-,22032,-,10652,11380,9882,3.0,19562,4.6,9368,10194,9613,3.5,19195,4.5,9141,10054,9963,4.2,19231,4.3,8979,10252,10272,4.2,19525,4.3,9130,10395,9452,18754,9138,9616,11327,5.4,23353,7.1,11312,12041
"영암군",8785,,20159,,9585,10574,8247,2.7,16741,4.9,8357,8385,8101,3.1,16383,4.6,7912,8471,8056,2.5,16604,3.4,7953,8651,7984,2.6,16520,3.4,7952,8568,7189,-,15394,-,7430,7964,7409,7.3,15603,8.2,7237,8367,7498,4.6,16134,5.6,7363,8771,7570,5.0,16142,5.1,7593,8550,7366,5.8,14766,6.1,6722,8044,6761,13808,6763,7045,6464,5.5,12554,7.0,6113,6441
"무안군",8764,,21450,,10319,11131,8204,4.1,19808,7.9,9379,10428,8042,3.7,19123,14.5,8952,10170,8685,5.4,21194,13.5,9975,11219,8457,5.8,20676,11.8,9836,10840,7822,-,17278,-,8336,8942,7984,3.0,18336,5.5,8707,9628,7553,3.1,17626,5.6,8339,9287,7155,3.9,16582,6.0,7665,8917,7242,4.0,16259,6.3,7439,8820,7152,15213,7471,7742,7043,4.8,14154,6.2,7309,6844
"함평군",6473,,15393,,7433,7960,6611,5.9,14900,9.5,7236,7664,6337,6.7,14590,11.0,6976,7614,6157,7.1,14131,7.9,6820,7311,5906,6.2,13335,6.7,6321,7013,5642,-,12158,-,5875,6283,5908,5.1,13177,7.6,6438,6738,5650,5.5,11989,6.6,5716,6273,5554,5.7,11994,8.0,5829,6165,5533,4.8,11482,7.7,5600,5882,5346,10705,5240,5465,5569,2.4,11459,3.3,5874,5585
"영광군",7236,,16549,,7870,8679,6889,4.0,14936,6.5,6938,7998,6834,4.6,14719,5.4,6811,7908,6913,3.9,15029,4.1,7073,7955,6636,4.8,14561,5.6,6928,7633,5911,-,12641,-,6051,6590,5733,3.5,12707,5.3,6050,6657,5728,3.8,13043,5.8,6326,6718,5873,3.7,12371,4.6,5976,6395,5681,4.7,12412,4.7,5997,6415,5065,10468,5093,5375,5661,4.3,12255,5.4,6039,6216
"장성군",6469,,15770,,7651,8119,5934,4.6,13310,5.6,6418,6892,5948,5.0,13212,9.0,6274,6939,5648,5.6,12680,5.5,6059,6621,5422,5.8,12077,5.4,5775,6303,5846,-,12692,-,6155,6537,5966,5.7,11610,6.1,5343,6268,5829,5.2,11585,5.5,5595,5990,5813,5.9,11494,5.8,5449,6045,5612,6.1,10973,6.5,4948,6025,5352,11191,5476,5715,5249,5.9,10515,7.6,5255,5261
"완도군",4847,,10553,,4967,5586,5236,4.5,11496,5.8,5425,6071,5195,4.8,11236,7.4,5187,6048,5278,5.3,11311,5.8,5125,6186,5028,5.3,10568,6.4,4839,5729,3938,-,8312,-,3998,4314,4322,5.1,8617,6.3,4005,4612,4111,7.4,8144,7.3,3875,4269,4110,6.9,7975,6.6,3790,4185,4055,7.5,7628,7.0,3585,4043,3378,7078,3531,3547,3891,7.7,7673,8.1,3692,3980
"진도군",5441,,12070,,5635,6435,5472,5.8,11701,9.7,5418,6283,5820,10.9,12001,9.4,5522,6479,5882,10.2,12392,9.2,5702,6690,5576,12.1,11785,10.2,5418,6366,4438,-,9085,-,4253,4832,4703,5.7,9228,7.6,4123,5105,4541,6.0,9210,8.2,4328,4883,4396,6.7,8895,9.2,4304,4591,4361,7.5,8720,10.1,4144,4576,3779,7686,3711,3975,4508,6.4,8616,7.4,4174,4443
"신안군",8592,,18005,,8488,9517,8468,3.8,17041,8.7,8113,8928,8476,5.0,16762,9.5,7891,8871,8729,4.6,17200,5.9,7931,9268,8500,4.5,16769,5.6,7870,8899,7380,-,14722,-,6990,7732,7543,4.9,15548,4.8,7333,8215,7368,5.7,15434,5.5,7429,8006,7216,5.3,15436,6.0,7457,7978,7161,5.0,14831,6.6,7168,7662,6112,12282,6073,6209,7136,3.4,13508,3.7,6715,6794
"경상북도",201651,,491225,,240088,251137,197218,0.9,471076,1.7,230494,240582,195779,1.0,465408,1.8,227577,237831,195108,1.1,458791,1.2,223221,235569,192583,1.2,446920,1.3,217473,229448,184642,-,410141,-,201684,208457,181067,0.8,402247,1.1,195755,206492,179321,0.9,395275,1.1,192041,203234,176385,1.0,376562,1.2,182927,193635,174917,1.0,368693,1.2,180566,188127,165754,351375,175259,176116,169774,0.9,348303,1.0,173882,174421
"포항시",13407,,34596,,17033,17563,13744,4.1,33808,8.9,16225,17583,14183,5.6,33692,7.1,16263,17429,14116,5.0,32278,5.3,15417,16860,14345,5.3,32153,5.4,15209,16944,12841,-,29305,-,14324,14981,12174,3.7,26948,4.1,12919,14029,12126,4.0,26740,4.5,12667,14073,11785,4.5,24903,4.8,11913,12991,11953,5.4,25085,6.5,11990,13094,13998,30709,15199,15510,13171,3.5,28546,3.8,13767,14779
"경주시",17438,,43158,,20972,22186,16931,3.5,43907,5.8,21808,22099,16416,4.7,42279,6.5,21132,21147,16272,5.2,41646,5.2,20472,21174,16325,5.4,41095,5.0,20286,20808,15313,-,34234,-,16617,17617,16201,3.3,37307,5.1,17797,19510,16861,4.5,38685,5.7,18342,20342,16418,5.3,36059,6.4,17069,18990,16135,5.1,33797,5.9,16225,17572,12553,26488,12964,13524,13275,4.8,27791,5.4,14055,13736
"김천시",15106,,38059,,18339,19720,14420,3.2,35518,6.8,17587,17931,14178,4.3,34681,8.3,16902,17780,14120,4.4,34523,5.7,17011,17512,13940,4.5,33836,6.1,16769,17066,14565,-,33602,-,16344,17258,13554,3.1,31233,3.7,15248,15985,13313,3.0,30224,3.4,14670,15554,13127,3.3,29237,3.8,14418,14819,12568,3.5,28297,3.3,14063,14234,12235,26543,13160,13383,13218,4.0,28266,3.9,14338,13928
"안동시",15299,,36243,,17813,18430,15201,3.4,34070,6.4,16503,17567,14661,4.0,32970,8.1,16051,16918,15142,4.2,33479,4.8,16064,17415,15066,4.2,33022,4.9,15963,17059,14128,-,30854,-,15325,15529,13853,3.0,31299,3.9,15195,16104,13149,2.9,28907,3.9,14028,14879,13128,3.5,27462,2.9,13123,14340,13126,3.3,27157,3.9,13196,13961,12088,25171,12623,12548,12256,3.5,24401,3.6,12352,12049
"구미시",8818,,24429,,12203,12226,8607,3.7,23415,7.3,11583,11832,9163,5.0,24320,7.3,12214,12106,9193,5.3,24086,5.8,12130,11956,8999,5.3,23339,5.9,11730,11609,9307,-,23217,-,11582,11635,9277,4.1,21724,5.3,10435,11290,9121,4.6,21262,5.5,10267,10995,9075,4.9,20017,5.3,9725,10292,9299,4.4,20969,5.3,10471,10498,10490,24443,12283,12160,10212,3.8,23808,4.3,12062,11746
"영주시",9261,,23915,,11884,12031,8699,3.6,20486,6.7,9975,10511,8138,4.2,19247,5.1,9394,9854,8229,5.5,19769,5.8,9746,10023,7936,5.8,18864,6.3,9328,9537,8777,-,20589,-,10388,10201,8109,2.6,18509,3.6,9407,9102,7991,3.2,18576,3.9,9519,9058,7827,3.3,17487,4.2,8881,8606,7888,3.8,17363,4.7,8769,8593,8248,17796,9118,8678,8025,2.1,16493,3.0,8232,8262
"영천시",12974,,30258,,14744,15514,12074,3.1,28721,5.8,14057,14664,11485,4.3,26835,8.1,13062,13773,11293,3.5,25942,5.4,12538,13404,10969,3.3,24761,5.6,11937,12824,10797,-,22584,-,11075,11509,10507,2.9,22407,4.2,11247,11161,10489,3.3,22355,4.0,11268,11087,10254,3.6,21299,4.4,10866,10433,10221,4.2,21064,5.1,10593,10471,8758,18361,9260,9101,8483,3.3,17104,3.7,8750,8354
"상주시",15903,,38508,,18622,19886,14711,4.1,35124,6.9,17016,18108,15258,3.7,36686,6.4,17750,18936,14975,4.4,35311,4.2,16876,18435,14547,5.0,34034,4.4,16008,18026,14492,-,32142,-,15702,16440,14285,3.6,30092,5.0,14955,15137,13872,3.3,29697,5.0,14715,14983,13885,3.3,29290,5.0,14290,15001,13972,3.1,29045,4.5,14504,14541,12582,26146,12887,13259,12978,3.4,26696,3.6,12872,13824
"문경시",8112,,19790,,9721,10069,8115,3.3,19445,7.2,9558,9886,8150,3.7,19618,6.6,9739,9879,8282,3.2,19860,3.7,9820,10040,8174,3.5,19069,4.2,9309,9760,7581,-,17128,-,8468,8660,7381,3.0,16909,4.0,8365,8544,7138,3.3,15897,4.1,7788,8109,6802,3.2,14591,4.1,7174,7417,6700,3.3,13974,4.2,6871,7103,6894,14732,7391,7341,7313,4.9,15347,5.2,7829,7518
"경산시",8984,,24750,,12320,12430,8594,3.5,23246,8.7,11283,11963,8233,3.6,21832,7.0,10525,11308,8237,3.9,21221,4.3,10355,10866,8192,5.2,20898,6.1,10241,10657,7947,-,19631,-,9853,9778,7620,3.3,18692,4.8,9409,9283,7447,3.6,18672,5.3,9255,9417,7169,4.0,17176,5.5,8576,8600,7167,5.1,16753,6.4,8331,8422,7511,17414,8817,8597,7278,4.7,15486,5.1,7875,7611
"군위군",4903,,10504,,5103,5401,5166,4.5,10475,8.3,4918,5557,5104,4.9,10481,9.7,4918,5563,4969,4.9,10266,5.0,4806,5459,4815,4.7,9804,4.2,4657,5146,4341,-,8537,-,4159,4378,4238,2.3,8180,4.1,3864,4316,4185,2.4,7977,4.3,3741,4237,4146,1.8,7756,4.2,3597,4159,4096,2.3,7744,4.5,3608,4136,3771,7284,3609,3675,3858,3.7,7336,6.7,3450,3886
"의성군",12495,,26860,,12848,14012,12186,4.1,26144,7.0,12704,13440,12017,4.4,25716,7.2,12513,13203,11818,4.4,25241,5.1,12335,12906,11641,4.6,24550,4.8,12112,12438,10943,-,22251,-,10793,11458,10191,2.9,21815,5.1,10763,11052,9880,3.1,20887,4.5,10083,10804,10021,3.8,20731,5.1,10078,10653,9695,4.8,19434,5.3,9568,9866,8494,16803,8376,8427,8604,3.3,17715,4.2,8945,8770
"청송군",4973,,11213,,5496,5717,4981,4.9,10984,8.2,5491,5493,5308,5.5,11679,9.8,5771,5908,5265,4.9,11649,5.4,5685,5964,5243,4.5,11440,5.0,5613,5827,5030,-,10576,-,5265,5311,5277,4.2,11663,4.3,5773,5890,5198,4.7,11266,4.6,5631,5635,5018,4.3,11037,4.1,5593,5445,4934,4.3,10568,3.8,5446,5123,5094,10243,5135,5108,5490,8.2,10474,5.6,5256,5218
"영양군",3559,,8091,,3962,4129,3369,4.8,7816,9.2,3839,3976,3383,4.5,7733,6.9,3813,3921,3337,5.6,7503,5.7,3698,3805,3250,5.9,7064,6.6,3451,3613,3360,-,7154,-,3518,3636,3225,4.3,6891,5.1,3274,3617,3308,5.3,7107,5.9,3357,3750,3071,6.2,6541,6.6,3192,3349,3101,6.8,6389,7.6,3160,3229,2586,5217,2615,2602,3002,5.3,5565,5.3,2844,2721
"영덕군",5051,,11312,,5449,5863,5062,6.9,11031,7.8,5365,5665,4802,8.5,10356,9.8,5029,5327,4710,9.5,10280,9.5,4764,5517,4549,10.2,9937,10.2,4590,5347,4319,-,8910,-,4305,4605,4859,4.3,9795,4.5,4782,5013,4735,3.9,9265,5.1,4510,4756,4572,4.3,8886,5.5,4323,4564,4387,4.5,8365,6.2,4063,4302,3314,6749,3279,3470,3206,6.3,6793,8.6,3163,3630
"청도군",7664,,17537,,8346,9191,7455,3.2,16858,8.4,8356,8503,7484,3.5,16984,8.0,8352,8632,7498,3.2,16754,4.9,8141,8614,7397,3.3,16197,4.5,7818,8380,7263,-,15136,-,7288,7848,7030,5.6,14690,5.6,7069,7621,7392,6.8,15197,7.1,7439,7758,7437,7.7,15115,6.5,7291,7824,7288,7.8,14578,6.4,7015,7563,6791,13649,6758,6891,6123,2.8,11617,5.8,5861,5756
"고령군",4611,,11477,,5648,5829,4641,5.5,11042,9.7,5433,5609,4389,6.4,10207,10.9,4995,5212,4332,6.6,10101,8.0,4973,5128,4205,9.1,9713,10.8,4782,4931,3749,-,8319,-,4092,4227,3676,3.3,7573,4.3,3593,3980,3700,3.6,7929,4.7,3762,4168,3553,4.1,7407,5.4,3405,4002,3529,4.0,7366,4.6,3345,4021,3618,7481,3755,3726,3944,3.5,7681,3.5,3737,3944
"성주군",7258,,18180,,8984,9196,7492,4.2,19057,10.4,9636,9421,7551,4.0,19150,13.9,9750,9400,7512,5.4,18587,7.1,9343,9244,7548,6.1,18615,6.7,9353,9261,5999,-,13896,-,6996,6900,6233,3.8,14244,5.2,6796,7448,6231,4.2,14277,5.2,6932,7345,6199,4.2,13868,5.0,6721,7147,6137,4.7,13654,5.4,6702,6953,5060,11097,5686,5411,5888,3.5,13042,4.9,6649,6393
"칠곡군",5269,,14687,,7410,7277,5504,4.9,13974,9.1,7328,6646,5486,5.1,14353,7.7,7426,6927,5511,6.1,14264,5.3,7401,6863,5374,6.0,13708,5.2,7099,6609,5014,-,12146,-,6087,6059,4803,6.4,12251,7.9,5905,6346,4759,6.1,11805,8.2,5724,6081,4654,5.4,11076,6.4,5415,5662,4615,4.9,10754,6.5,5403,5351,5074,11287,5657,5630,4938,4.0,9136,6.1,4285,4850
"예천군",8871,,20520,,9917,10603,8778,3.5,19460,5.7,9499,9961,8952,2.0,20269,5.0,9735,10533,8951,3.5,19748,4.0,9342,10406,8886,3.9,19130,4.2,9100,10030,8265,-,17318,-,8411,8907,8179,2.0,17574,3.5,8467,9107,7921,2.3,16690,3.7,8179,8511,7861,2.7,16323,4.1,7871,8453,7862,3.3,15984,3.9,7732,8252,7139,14414,7093,7321,8000,3.9,15391,4.9,7703,7688
"봉화군",6516,,15338,,7597,7741,6497,6.9,14964,12.4,7103,7860,6283,6.9,14672,10.0,6908,7764,6177,6.9,14462,8.5,6841,7622,6097,7.2,14227,8.9,6796,7430,5896,-,12639,-,6267,6372,5665,3.7,12532,5.8,5882,6650,5613,3.7,11735,5.4,5538,6197,5612,3.4,11322,4.8,5286,6036,5506,4.1,11033,5.1,5223,5811,5190,10945,5505,5440,5522,5.6,10300,5.2,5477,4822
"울진군",4697,,10752,,5151,5601,4496,4.7,10490,11.0,4722,5769,4657,5.2,10608,11.3,4843,5765,4672,5.6,10776,5.7,4957,5819,4594,7.5,10444,6.4,4826,5619,4242,-,9008,-,4343,4665,4263,3.5,8942,5.1,4123,4819,4416,3.7,9085,5.1,4134,4951,4292,4.2,8032,4.9,3666,4366,4251,4.6,8376,5.9,3830,4546,3798,7491,3627,3864,4552,4.7,8456,5.2,3946,4510
"울릉군",482,,1048,,526,522,494,5.0,1041,10.6,505,536,497,4.7,1040,8.9,493,547,496,5.2,1045,6.1,507,538,491,5.4,1020,6.2,496,524,473,-,965,-,482,483,466,6.2,978,8.5,488,490,477,6.2,1039,7.6,494,545,479,5.2,946,5.7,459,487,486,5.6,946,5.4,459,486,468,912,462,450,440,14.6,860,13.6,432,428
"경상남도",141431,,347499,,166578,180921,140341,1.1,336641,2.0,163367,173273,137505,1.3,327931,2.1,157789,170142,136708,1.4,320095,1.5,153082,167013,135112,1.4,310985,1.6,148862,162123,131455,-,293720,-,140955,152765,127515,0.9,280720,1.2,133385,147335,124865,1.0,274930,1.3,130625,144305,122953,1.1,265433,1.3,126058,139375,122083,1.2,258754,1.4,122630,136124,120768,259829,127631,132198,117660,1.2,244924,1.4,120397,124526
"진주시",14945,,40904,,19889,21015,15858,5.1,40352,10.1,20105,20247,15547,5.3,39648,9.1,19511,20138,15363,5.1,37984,5.6,18555,19429,15329,12.6,37436,11.1,18472,18963,15125,-,37443,-,18261,19182,14275,5.8,33736,6.3,16269,17467,14174,3.1,34230,4.1,16422,17807,13671,3.2,32438,3.8,15506,16932,13684,3.5,31857,3.9,15083,16773,13204,30367,14973,15394,12648,3.6,28545,5.5,14385,14160
"통영시",3674,,9072,,4417,4655,3329,6.8,8394,10.8,4275,4119,3411,11.2,8710,10.9,4333,4377,3423,11.4,8027,11.1,3995,4032,3485,7.8,7942,5.8,4035,3907,3527,-,7684,-,3690,3994,3736,4.1,7901,6.1,3751,4150,3822,6.0,8087,5.9,3848,4239,3760,6.6,8009,6.7,3884,4125,3643,7.6,7589,6.9,3660,3929,3376,7016,3363,3653,3224,3.5,6273,5.4,2948,3325
"사천시",7571,,18769,,8960,9809,8051,4.5,19304,6.4,9451,9853,8088,5.7,19248,5.6,9158,10090,8054,7.4,18885,5.1,8757,10128,8025,4.7,18259,5.7,8268,9991,7143,-,15880,-,7475,8405,6682,3.2,14830,3.9,7121,7709,6360,4.7,14229,6.3,6925,7304,6096,4.6,13492,5.9,6309,7183,6007,5.1,12936,5.9,6179,6757,5785,12270,5923,6347,5478,6.1,11395,5.8,5339,6056
"김해시",8971,,25979,,12902,13077,8737,3.9,25333,5.8,12771,12562,8290,4.1,24432,7.2,12410,12022,8128,4.5,23382,5.8,11855,11527,8620,4.1,23924,4.0,12012,11911,8257,-,21156,-,10464,10692,8126,2.4,21132,3.8,10666,10466,7960,3.4,20261,4.5,10132,10128,7861,3.7,19720,5.0,9978,9742,7900,4.0,19073,5.2,9584,9489,8633,20901,10419,10482,8740,5.0,18658,5.1,9154,9504
"밀양시",10842,,26947,,13038,13909,10982,4.1,26891,6.8,13199,13692,10228,4.1,25064,5.7,11913,13151,10654,4.3,25637,3.8,12107,13530,10358,5.1,24338,6.5,11703,12635,9993,-,22105,-,10738,11367,10163,3.8,20668,5.8,9605,11063,10928,5.0,23244,5.2,10678,12566,10800,5.5,22528,4.9,10718,11810,10569,5.7,21147,5.1,10091,11056,9169,19238,9454,9784,9854,5.0,21406,6.5,11078,10328
"거제시",5710,,14821,,7205,7616,5549,5.2,14124,7.3,6837,7287,5536,4.3,13499,8.3,6457,7041,5686,5.0,13398,6.2,6406,6992,5474,9.8,12612,11.3,5970,6641,5630,-,13046,-,6245,6801,5308,4.0,12121,6.3,5868,6253,5250,3.8,12174,5.8,5929,6244,5213,4.1,12251,5.1,6051,6200,5203,5.0,12420,6.5,6024,6396,5425,12336,5985,6351,5510,5.5,12059,5.6,5717,6342
"양산시",3133,,8801,,4324,4477,2939,7.5,8408,10.9,4167,4242,2902,9.5,8472,11.6,4252,4220,2879,9.3,8285,9.6,4000,4286,2826,7.0,7808,8.3,3770,4038,3096,-,7666,-,3762,3904,2620,3.7,6445,5.4,3111,3335,2405,5.0,5705,7.0,2755,2951,2374,5.2,5651,6.9,2817,2834,2381,5.1,5345,8.6,2664,2680,3530,8464,4221,4243,3118,4.5,6616,7.5,3320,3296
"창원시",10907,,30611,,15236,15375,9971,5.0,26997,10.6,13736,13261,9830,5.5,26408,9.1,13424,12984,10573,6.4,27891,7.5,13751,14141,10387,5.7,26970,6.7,13291,13680,11180,-,27929,-,13932,13997,11824,2.8,30498,3.7,14795,15703,11365,4.3,28775,5.2,14002,14772,11174,4.1,27315,5.4,13438,13877,11154,4.9,26440,6.3,12726,13714,14517,34349,17387,16962,14380,3.3,33355,3.3,16636,16719
"의령군",5209,,11228,,5245,5983,5171,3.5,11113,5.0,5260,5853,4973,6.0,10319,7.4,4782,5537,4867,6.1,10018,6.0,4594,5424,4582,5.6,9238,5.7,4289,4950,4580,-,8881,-,4124,4757,4763,3.3,8876,4.1,4141,4735,4093,5.0,7733,6.5,3711,4022,4025,5.3,7417,5.8,3503,3914,3999,5.0,7388,5.6,3561,3827,3731,7004,3408,3596,3622,6.1,7039,8.4,3408,3631
"함안군",6948,,16228,,7676,8552,6556,6.0,14704,10.6,7137,7567,6524,6.1,14610,10.1,7166,7445,6566,8.0,14235,8.0,6875,7360,6470,7.7,13830,8.1,6603,7226,5885,-,12287,-,5797,6490,5885,6.5,11804,5.0,5166,6638,5756,6.1,11737,5.3,5308,6429,5641,6.7,11299,6.8,4827,6473,5498,6.0,11042,7.0,4837,6205,5405,10911,5280,5631,5325,3.9,10117,5.5,4545,5573
"창녕군",8601,,19164,,9138,10026,7963,5.0,17389,6.6,8276,9113,7696,5.0,16953,6.2,8191,8763,7268,4.7,15860,3.4,7844,8017,7091,4.5,15442,3.9,7564,7878,7719,-,16124,-,7788,8336,7369,4.0,15486,3.6,7277,8210,7144,3.8,14568,3.1,6674,7894,7005,3.5,13796,3.2,6373,7423,7051,3.6,13652,4.0,6307,7345,6498,13464,6670,6794,6617,6.6,12612,6.0,6187,6424
"고성군",6606,,15038,,7135,7903,7121,5.0,15773,8.9,7471,8302,7303,6.1,16009,9.8,7404,8606,7253,6.4,15780,7.4,7259,8522,7191,7.6,15159,7.8,6972,8187,6000,-,12429,-,5840,6589,5944,4.8,12357,5.4,5852,6505,6156,4.9,13234,5.8,6188,7046,6019,4.2,12621,5.1,5855,6766,6018,4.3,12499,5.2,5835,6664,5271,10373,5009,5364,5205,3.6,9862,4.9,4956,4906
"남해군",7804,,17502,,8022,9480,7703,3.7,17150,7.7,8158,8992,7809,4.1,16869,10.9,7969,8900,7695,3.5,16210,5.0,7646,8564,7793,3.4,16010,5.8,7329,8682,7092,-,14727,-,6747,7980,6670,2.9,14261,4.2,6537,7725,6484,4.4,13573,6.3,6209,7364,6443,4.6,13091,5.5,5846,7245,6303,4.8,12779,5.2,5892,6888,5792,11676,5508,6168,6138,5.1,12342,6.5,5915,6426
"하동군",7708,,18721,,8894,9827,7913,4.2,18834,7.0,8770,10064,7647,4.3,17747,5.6,8311,9436,7550,4.2,17140,5.2,8062,9078,7602,3.9,16942,4.1,7951,8991,6762,-,14728,-,7053,7675,6562,5.0,14329,5.3,6905,7424,6636,4.4,14559,5.9,6971,7588,6665,5.3,14407,6.1,6725,7682,6623,6.1,13988,6.9,6539,7448,6337,13111,6421,6690,5602,4.4,11382,6.0,5758,5624
"산청군",6463,,14703,,6935,7768,6523,3.3,14890,7.6,7075,7815,6464,4.1,14304,5.2,6751,7552,6370,3.9,13927,3.1,6647,7281,6319,4.0,13336,3.2,6421,6915,6100,-,12624,-,5952,6672,5889,2.9,12017,4.9,5569,6447,5641,4.0,11577,5.3,5253,6324,5640,4.2,11308,4.9,5229,6079,5668,3.9,11324,5.4,5159,6165,5128,10077,4972,5105,5121,5.0,10603,5.4,5123,5481
"함양군",7618,,16673,,7694,8979,7090,3.8,15542,6.7,7287,8255,7092,3.1,16143,7.4,7492,8651,6757,3.4,15031,4.2,6969,8062,6527,3.4,14273,4.0,6748,7525,7032,-,14862,-,6972,7890,6577,2.3,14030,5.2,6597,7433,6070,3.5,12790,5.5,6150,6640,6026,3.4,12168,5.1,5845,6324,6007,4.9,12148,7.4,5776,6372,5529,11513,5569,5944,4775,4.1,8921,5.9,4179,4742
"거창군",9333,,22055,,10500,11555,9453,2.8,21503,5.1,10130,11372,8774,3.6,19738,4.4,9117,10621,8420,4.8,19057,4.7,8909,10148,8100,5.0,18526,4.8,8658,9868,8191,-,17925,-,8584,9341,7315,3.0,15725,4.3,7518,8207,7212,3.2,15021,4.6,7220,7801,7166,3.7,14572,5.0,6866,7706,7061,4.3,13978,5.8,6400,7578,6503,13356,6575,6781,5931,3.6,11128,4.9,5410,5718
"합천군",9388,,20283,,9368,10915,9432,4.4,19940,8.3,9263,10676,9389,5.3,19756,8.1,9149,10608,9203,5.8,19347,6.0,8854,10494,8932,6.0,18941,6.8,8805,10135,8143,-,16224,-,7531,8693,7806,3.2,14505,5.7,6639,7865,7408,4.0,13434,5.8,6249,7185,7372,4.4,13350,5.8,6289,7061,7313,5.0,13149,6.3,6311,6838,6935,13403,6494,6909,6374,5.1,12611,6.7,6339,6272
"제주특별자치도",37893,,114539,,56984,57555,38497,3.0,114062,5.9,57357,56704,38208,3.7,113298,4.7,56744,56554,38502,3.6,111745,3.8,56405,55340,38444,3.4,109510,3.5,55515,53996,33487,-,93404,-,46788,46616,33109,2.5,88385,3.2,44063,44322,32200,2.6,86463,3.2,42889,43574,31208,2.6,82751,3.2,41140,41610,31111,2.9,83133,3.6,42061,41073,30365,79797,40137,39660,31549,3.0,75548,3.2,38434,37114
"제주시",20809,,64880,,32261,32619,21420,4.1,65476,6.1,32939,32537,21451,4.6,66127,6.6,33324,32803,22161,4.0,66994,4.7,34063,32932,21925,4.1,64509,4.6,32881,31628,18671,-,53649,-,26833,26816,19177,3.6,53395,4.0,26541,26854,18270,3.9,51242,4.2,25441,25801,17572,3.9,48682,4.2,24282,24401,17943,4.1,49830,4.6,25420,24410,17783,47896,23979,23917,17995,3.3,46149,3.7,22953,23196
"서귀포시",17084,,49659,,24723,24936,17077,4.4,48586,9.4,24419,24167,16756,6.0,47171,6.5,23421,23751,16341,6.7,44751,6.2,22343,22408,16519,5.8,45001,5.3,22634,22367,14816,-,39755,-,19955,19800,13932,3.3,34990,5.3,17522,17468,13930,3.3,35221,5.0,17448,17773,13636,3.2,34068,4.8,16859,17210,13167,3.8,33303,5.6,16640,16663,12582,31901,16158,15743,13554,5.5,29399,5.6,15481,13918
