"행정구역별",1996,1996,1996,1996,1996,1997,1997,1997,1997,1997,1998,1998,1998,1998,1998,1998,1999,1999,1999,1999,1999,1999,2000,2000,2000,2000,2000,2001,2001,2001,2001,2001,2001,2002,2002,2002,2002,2002,2002,2003,2003,2003,2003,2003,2003,2004,2004,2004,2004,2004,2004,2005,2005,2005,2005,2005,2006,2006,2006,2006,2006,2006,2007,2007,2007,2007,2007,2007,2008,2008,2008,2008,2008,2008,2009,2009,2009,2009,2009,2009
"행정구역별",농가 (가구),상대표준오차,농가인구 (명),농가인구(남) (명),농가인구(여) (명),농가 (가구),상대표준오차,농가인구 (명),농가인구(남) (명),농가인구(여) (명),농가 (가구),상대표준오차,농가인구 (명),상대표준오차(농가인구),농가인구(남) (명),농가인구(여) (명),농가 (가구),상대표준오차,농가인구 (명),상대표준오차(농가인구),농가인구(남) (명),농가인구(여) (명),농가 (가구),상대표준오차,농가인구 (명),농가인구(남) (명),농가인구(여) (명),농가 (가구),상대표준오차,농가인구 (명),상대표준오차(농가인구),농가인구(남) (명),농가인구(여) (명),농가 (가구),상대표준오차,농가인구 (명),상대표준오차(농가인구),농가인구(남) (명),농가인구(여) (명),농가 (가구),상대표준오차,농가인구 (명),상대표준오차(농가인구),농가인구(남) (명),농가인구(여) (명),농가 (가구),상대표준오차,농가인구 (명),상대표준오차(농가인구),농가인구(남) (명),농가인구(여) (명),농가 (가구),상대표준오차,농가인구 (명),농가인구(남) (명),농가인구(여) (명),농가 (가구),상대표준오차,농가인구 (명),상대표준오차(농가인구),농가인구(남) (명),농가인구(여) (명),농가 (가구),상대표준오차,농가인구 (명),상대표준오차(농가인구),농가인구(남) (명),농가인구(여) (명),농가 (가구),상대표준오차,농가인구 (명),상대표준오차(농가인구),농가인구(남) (명),농가인구(여) (명),농가 (가구),상대표준오차,농가인구 (명),상대표준오차(농가인구),농가인구(남) (명),농가인구(여) (명)
"전국",1479602,-,4692040,2262744,2429296,1439676,-,4468172,2149479,2318693,1413017,-,4399643,-,2128697,2270946,1381637,-,4209799,-,2039633,2170166,1383468,-,4031065,1970989,2060076,1353687,-,3933250,-,1902666,2030584,1280462,-,3590523,-,1747802,1842721,1264431,0.5,3530102,0.6,1715127,1814975,1240406,0.6,3414551,0.6,1653883,1760668,1272908,-,3433573,1676592,1756981,1245083,0.5,3304173,0.6,1607214,1696959,1231009,0.5,3274091,0.6,1589967,1684124,1212050,0.6,3186753,0.6,1542337,1644417,1194715,0.6,3117322,0.7,1510297,1607025
"서울특별시",3284,-,13731,6959,6772,2515,-,11083,5670,5413,2526,-,10633,-,5552,5081,2443,-,10053,-,5236,4817,2115,-,7783,4015,3768,2154,-,8821,-,4814,4006,1951,12.2,7264,12.2,3848,3417,1985,11.7,7108,11.0,3738,3370,1793,12.3,6575,14.2,3519,3057,3496,-,11770,6017,5753,2934,10.9,10666,11.6,5265,5402,2900,9.8,10938,10.6,5230,5708,2445,13.2,8657,14.1,4190,4467,2130,13.9,7084,15.2,3625,3459
"서울시부",-,-,-,-,-,-,-,-,-,-,-,-,-,-,-,-,-,-,-,-,-,-,-,-,-,-,-,-,-,-,-,-,-,1951,-,7264,-,3848,3417,1985,11.7,7108,11.0,3738,3370,1793,12.3,6575,14.2,3519,3057,3496,-,11770,6017,5753,2934,10.9,10666,11.6,5265,5402,2900,9.8,10938,10.6,5230,5708,2445,13.2,8657,14.1,4190,4467,2130,13.9,7084,15.2,3625,3459
"부산시부",-,-,-,-,-,-,-,-,-,-,-,-,-,-,-,-,-,-,-,-,-,-,5906,-,20815,10295,10520,-,-,-,-,-,-,5571,5.2,18059,5.5,8692,9367,5610,5.3,18000,5.9,8687,9313,5307,6.2,17091,7.0,8289,8802,6509,-,20566,10224,10342,5191,9.9,16802,10.2,8010,8792,5336,10.0,17166,9.8,8349,8817,5471,8.0,17004,7.1,8112,8892,5069,8.0,15361,7.6,7661,7699
"대구시부",-,-,-,-,-,-,-,-,-,-,-,-,-,-,-,-,-,-,-,-,-,-,5946,-,21406,10771,10635,-,-,-,-,-,-,5380,8.3,20111,9.5,9998,10113,5741,8.9,21304,10.6,10147,11157,5333,8.5,19747,10.2,9417,10330,9616,-,31227,15887,15340,9529,13.2,30258,14.0,15207,15051,9529,13.1,29819,14.3,15196,14623,9086,14.3,27218,15.3,14031,13187,8154,13.1,23054,14.8,11607,11448
"인천시부",-,-,-,-,-,-,-,-,-,-,-,-,-,-,-,-,-,-,-,-,-,-,4185,-,14728,7488,7240,-,-,-,-,-,-,3822,5.6,12552,7.6,6264,6288,3714,7.2,12663,9.5,6372,6292,3853,7.9,13266,9.7,6904,6362,4546,-,14684,7399,7285,4080,6.2,13636,7.2,7061,6575,4402,15.9,15651,15.5,7852,7799,3532,8.5,12187,9.7,6029,6158,4266,14.6,14465,12.5,7004,7461
"강화군",-,-,-,-,-,-,-,-,-,-,-,-,-,-,-,-,-,-,-,-,-,-,9434,-,27463,13388,14075,-,-,-,-,-,-,9136,5.9,25087,7.2,12414,12674,9182,7.1,25068,8.0,12279,12789,8858,7.5,23807,8.0,11552,12255,8633,-,23054,11277,11777,7946,4.6,21090,6.0,10070,11021,8236,5.1,22367,5.7,10508,11859,8011,5.2,21781,5.8,10579,11202,7987,7.0,21259,6.5,10368,10892
"광주광역시",11182,-,40181,19384,20797,10999,-,36787,18031,18756,11135,-,36800,-,17909,18891,10740,-,34945,-,16630,18315,11960,-,37748,18421,19327,11730,-,36587,-,18023,18565,10612,5.2,30636,5.4,14661,15975,10138,5.0,30487,5.5,14304,16183,9750,5.4,28703,6.0,13489,15214,14050,-,41771,20505,21266,12912,4.4,39257,5.2,18851,20405,12798,5.5,39949,5.9,19984,19966,11646,5.1,36037,5.2,17384,18653,11836,5.3,35743,5.5,17061,18681
"광주시부",-,-,-,-,-,-,-,-,-,-,-,-,-,-,-,-,-,-,-,-,-,-,5684,-,18926,9254,9672,-,-,-,-,-,-,5020,9.3,15329,9.3,7334,7995,4871,8.8,16012,9.2,7399,8613,4746,8.8,14801,9.6,6866,7935,7938,-,24492,12075,12417,7608,6.8,23027,8.1,11025,12002,7571,8.2,23726,8.6,12050,11676,6754,6.1,21211,4.9,10148,11063,6862,7.1,21052,6.7,9775,11276
"광산구",-,-,-,-,-,-,-,-,-,-,-,-,-,-,-,-,-,-,-,-,-,-,6276,-,18822,9167,9655,-,-,-,-,-,-,5592,5.3,15307,5.5,7327,7980,5267,5.2,14475,5.6,6905,7570,5005,6.3,13902,7.1,6623,7279,6112,-,17279,8430,8849,5305,4.5,16230,5.0,7827,8403,5227,6.2,16223,7.2,7934,8290,4892,8.6,14826,10.4,7236,7590,4975,8.1,14691,9.4,7286,7405
"대전광역시",7422,-,29225,14888,14337,7058,-,28214,13804,14409,6817,-,26719,-,12980,13738,6710,-,25220,-,11989,13231,7075,-,25141,12736,12405,6691,-,23274,-,11552,11722,6429,7.6,21414,7.3,11325,10090,5965,9.6,19909,10.4,10134,9776,5894,10.1,19115,11.0,9451,9664,8657,-,28095,14278,13817,8045,6.1,25122,6.0,12626,12496,7801,9.7,22326,9.4,11132,11194,7975,10.5,23709,12.6,11834,11875,7960,10.3,24605,11.8,12629,11976
"대전시부",-,-,-,-,-,-,-,-,-,-,-,-,-,-,-,-,-,-,-,-,-,-,-,-,-,-,-,-,-,-,-,-,-,6429,-,21414,-,11325,10090,5965,9.6,19909,10.4,10134,9776,5894,10.1,19115,11.0,9451,9664,8657,-,28095,14278,13817,8045,6.1,25122,6.0,12626,12496,7801,9.7,22326,9.4,11132,11194,7975,10.5,23709,12.6,11834,11875,7960,10.3,24605,11.8,12629,11976
"울산광역시",0,-,0,0,0,11232,-,37632,18478,19153,11260,-,38554,-,18604,19950,11314,-,37952,-,18225,19727,12307,-,38021,18706,19315,11826,-,37683,-,17938,19745,11504,5.2,33996,6.0,17047,16949,11429,5.1,33701,6.0,16896,16805,11172,5.2,32582,6.5,16170,16412,11980,-,34597,17055,17542,13168,4.6,39247,5.6,19367,19880,13196,4.6,39173,6.0,19246,19927,13320,5.5,38185,6.6,18890,19294,13004,5.8,37632,7.3,18714,18917
"울산시부",-,-,-,-,-,-,-,-,-,-,-,-,-,-,-,-,-,-,-,-,-,-,3558,-,11885,5920,5965,-,-,-,-,-,-,3066,12.5,9611,15.1,4969,4642,2981,12.3,9561,15.6,4878,4683,2998,12.1,9784,17.1,4927,4857,3883,-,12076,6063,6013,4259,10.2,14403,12.9,6930,7473,4441,9.6,15298,13.0,7493,7805,4299,13.2,13225,15.1,6500,6725,3989,14.4,12544,17.7,6360,6184
"울주군",-,-,-,-,-,-,-,-,-,-,-,-,-,-,-,-,-,-,-,-,-,-,8749,-,26136,12786,13350,-,-,-,-,-,-,8438,5.4,24385,6.0,12078,12307,8449,5.3,24140,5.8,12018,12122,8175,5.6,22798,5.8,11243,11555,8097,-,22521,10992,11529,8909,4.7,24844,4.6,12437,12407,8755,4.9,23876,5.3,11753,12123,9021,5.2,24960,6.1,12390,12569,9015,5.5,25088,6.5,12355,12733
"수원시",1986,-,8600,4380,4220,2232,-,9011,4834,4176,2032,7.3,8685,9.9,4344,4341,2075,8.8,8309,11.0,4207,4102,1585,-,6222,3132,3090,1629,11.8,6539,12.9,3348,3190,1531,8.7,5589,10.2,2894,2695,1542,8.6,5719,11.2,2893,2827,1513,10.9,5718,12.9,2853,2865,3154,-,11233,5613,5620,2588,9.6,8762,9.7,4175,4587,2242,12.8,7912,14.3,3628,4284,2118,13.1,7771,15.4,3585,4185,2079,13.6,7559,15.6,3476,4083
"성남시",1202,-,5022,2587,2435,1268,-,5420,2858,2562,1479,8.1,6397,10.1,3396,3001,1511,4.8,5873,5.8,2882,2991,1305,-,4659,2439,2220,1529,5.0,6171,4.7,3246,2924,1204,6.4,4429,6.3,2251,2179,1227,5.7,4774,7.3,2426,2348,1240,6.9,4889,11.6,2479,2410,1006,-,3613,1859,1754,970,5.4,3229,6.9,1681,1549,1048,6.7,3635,10.1,1873,1761,1008,9.4,3476,12.2,1779,1697,1039,9.9,3512,11.9,1816,1696
"의정부시",981,-,4000,2010,1991,729,-,2868,1404,1464,667,5.7,2555,7.6,1255,1301,653,7.9,2315,6.4,1206,1109,1054,-,4031,2074,1957,647,5.8,2312,6.0,1213,1099,840,13.6,3294,12.2,1623,1670,836,19.6,3346,15.2,1731,1615,824,21.5,3122,18.0,1597,1526,1039,-,3626,1851,1775,963,10.6,3482,12.9,1734,1748,1049,15.2,3834,19.3,1879,1955,1118,16.3,3976,19.9,1958,2017,1071,17.3,3887,20.5,1928,1959
"안양시",301,-,1223,551,672,269,-,846,455,390,248,14.2,667,19.5,355,313,247,10.5,567,18.3,227,341,217,-,797,405,392,209,20.0,508,13.0,202,306,214,1.5,722,16.5,367,355,221,3.3,634,1.8,321,313,224,3.7,638,3.6,315,323,499,-,1768,876,892,649,12.5,2410,11.3,1314,1096,775,35.0,3024,36.2,1584,1441,806,42.6,2786,43.1,1502,1284,810,43.4,2700,45.7,1417,1283
"부천시",801,-,3411,1648,1763,781,-,3305,1670,1635,693,6.7,3020,8.8,1476,1544,654,13.2,2583,13.3,1282,1302,445,-,1711,846,865,669,12.0,2343,12.5,1199,1144,523,13.2,1775,14.9,895,880,570,12.7,2102,13.8,1032,1070,564,19.1,1960,17.6,950,1010,850,-,2986,1479,1507,854,7.7,3136,14.5,1501,1635,852,8.5,3247,13.5,1509,1738,773,11.5,2559,14.4,1237,1322,786,15.2,2548,14.9,1333,1215
"광명시",681,-,3270,1606,1665,663,-,2880,1446,1434,669,8.8,2729,10.5,1273,1456,685,17.9,2671,18.9,1167,1504,708,-,2700,1371,1329,633,13.0,2616,14.9,1220,1396,697,10.4,2656,9.8,1319,1337,704,8.4,2723,8.3,1309,1413,702,10.1,2676,10.0,1288,1389,689,-,2409,1229,1180,645,4.0,2117,9.0,1036,1082,561,10.3,1817,12.2,879,938,536,10.4,1705,13.5,841,865,465,15.8,1497,20.0,740,757
"평택시",13706,-,50337,24771,25566,13717,-,50316,25200,25116,13645,5.8,50142,5.4,24893,25248,14088,5.5,51413,5.2,25800,25613,13152,-,45216,22617,22599,13514,5.2,47544,4.8,23501,24043,12239,6.6,41324,6.9,20346,20978,12060,7.0,40616,7.0,20080,20536,11929,6.9,40656,6.9,19813,20843,12185,-,39051,19636,19415,11102,5.5,37516,5.6,18711,18805,10822,5.6,37188,6.0,18338,18850,11087,5.8,37336,6.0,18337,18999,11123,5.9,36654,6.3,18025,18629
"동두천시",890,-,3664,1820,1844,884,-,3140,1656,1483,931,8.7,3365,9.7,1786,1579,851,21.5,3181,21.7,1713,1469,887,-,3179,1622,1557,957,8.4,3222,7.7,1705,1517,683,13.9,2382,11.0,1197,1185,711,19.9,2484,18.7,1228,1256,645,18.3,2171,14.5,1100,1070,772,-,2553,1283,1270,569,6.7,2046,7.0,1033,1014,553,17.3,1928,18.7,999,929,570,18.6,1901,17.1,940,961,580,17.2,1962,17.0,1001,961
"안산시",1710,-,6559,3228,3331,1963,-,6550,3440,3110,2639,6.3,8934,9.5,4621,4313,2529,7.2,8477,10.4,4436,4041,1999,-,6907,3475,3432,2033,10.5,6753,7.9,3472,3281,1908,8.0,7038,12.2,3597,3441,2006,8.3,7564,8.8,3911,3654,1989,11.8,7389,13.3,3798,3592,1805,-,5634,2811,2823,1617,11.1,5143,10.6,2506,2637,1926,8.2,6216,7.9,3140,3076,2013,9.0,6246,9.5,3060,3186,2012,9.2,6125,9.8,3046,3079
"고양시",5821,-,24411,12336,12074,5588,-,22292,11358,10934,5956,6.8,24220,6.5,12069,12151,5922,10.2,25035,11.6,12140,12894,6033,-,22099,11205,10894,6162,9.2,23846,9.0,11277,12570,5349,8.3,21130,9.1,11015,10115,5533,5.6,21108,7.3,10916,10192,5526,8.8,20720,9.9,10818,9902,6264,-,21689,10912,10777,6110,6.7,20790,7.3,10353,10437,6027,9.9,19488,11.4,10199,9290,6690,11.2,21081,13.0,10820,10261,6055,11.0,19328,13.2,10226,9102
"과천시",463,-,1872,960,913,428,-,1618,812,806,463,20.3,1649,21.7,837,813,469,15.8,1835,19.6,922,913,484,-,1785,909,876,442,6.6,1696,6.1,831,865,395,7.6,1415,8.3,703,712,424,10.3,1518,9.1,764,754,428,8.1,1494,9.5,769,726,580,-,1920,981,939,579,5.4,1969,5.9,1038,931,589,5.3,2024,7.3,1028,997,574,7.4,1915,9.3,965,950,566,9.1,1885,9.4,946,938
"구리시",657,-,2797,1448,1349,653,-,2685,1318,1367,581,11.7,2435,14.8,1161,1275,509,19.0,2325,18.5,1165,1160,413,-,1748,882,866,451,11.8,1871,11.8,913,958,394,10.4,1750,13.3,944,807,456,17.5,1902,19.1,899,1002,482,20.4,2109,25.7,1011,1098,669,-,2450,1246,1204,582,6.5,1973,7.7,963,1010,520,8.5,1660,7.1,838,823,498,8.6,1585,8.3,790,795,524,11.1,1823,14.7,884,939
"남양주시",6348,-,26615,13470,13145,6025,-,24479,12119,12360,6569,7.4,26097,7.9,12968,13129,5890,8.8,23214,9.3,11699,11515,5372,-,20725,10550,10175,5285,8.5,20040,8.7,10018,10022,5049,7.9,19046,8.0,10025,9020,5504,7.4,20172,7.3,10271,9901,5575,9.1,20647,9.3,10524,10123,6389,-,22085,11198,10887,5588,5.0,19798,6.1,9923,9875,5415,5.9,18654,6.2,9380,9274,5258,6.4,17620,6.1,8655,8965,5110,6.4,17205,6.2,8520,8685
"오산시",1321,-,5317,2582,2735,1220,-,4811,2450,2361,1236,8.1,5017,9.7,2477,2540,1390,9.1,5156,9.9,2505,2650,1147,-,4394,2184,2210,1247,12.5,4372,12.2,2108,2264,1068,9.6,3882,11.2,1969,1913,1077,10.8,3827,11.7,1899,1928,1026,7.4,3639,10.1,1792,1847,1075,-,3707,1844,1863,1127,8.5,3988,8.5,1885,2103,1131,7.9,3853,8.0,1788,2064,1233,7.5,4141,8.2,1966,2175,1182,5.8,4012,7.6,1925,2086
"시흥시",2328,-,8450,4557,3893,2322,-,9548,4716,4832,2268,7.4,9130,7.4,4519,4611,2536,12.5,9950,8.8,4985,4965,2437,-,8811,4441,4370,2182,10.2,8834,8.3,4415,4419,2012,9.9,6978,8.8,3488,3489,2019,13.8,7625,12.9,3592,4032,1912,13.0,7006,11.6,3384,3622,2030,-,6900,3436,3464,1738,8.7,5751,5.9,3117,2633,1734,14.3,4877,13.6,2514,2363,1933,17.8,5669,19.7,2936,2734,1924,18.2,5707,19.6,3041,2666
"군포시",300,-,1288,657,631,365,-,1449,759,690,342,24.8,1402,22.8,737,665,345,17.1,1447,25.2,669,777,418,-,1560,815,745,449,11.2,1705,16.4,793,912,350,7.8,1357,9.6,691,666,379,8.1,1428,9.9,715,713,382,9.0,1402,12.0,728,674,516,-,1747,883,864,525,9.2,1803,10.5,893,910,446,5.9,1537,8.3,790,747,443,6.4,1524,9.3,751,773,345,11.0,1216,13.3,574,642
"하남시",1794,-,8273,4000,4273,1983,-,8561,4410,4151,1744,10.0,7323,8.5,3782,3541,1867,12.3,7257,11.9,3847,3410,1417,-,5499,2800,2699,2055,15.4,8527,17.1,4453,4074,1630,13.2,6516,13.6,3216,3300,1659,8.9,6264,9.7,3081,3183,1616,10.7,6443,10.9,3198,3245,1595,-,5825,2999,2826,1407,8.5,5567,8.9,2960,2607,1943,18.2,7368,16.5,3811,3557,1812,15.2,6961,17.5,3497,3464,1735,16.4,6679,19.2,3377,3302
"용인시",-,-,-,-,-,8912,-,33861,16754,17107,8735,5.9,33211,6.7,16679,16532,8375,6.5,31754,6.5,15913,15841,8152,-,29356,14737,14619,7880,7.6,28713,8.4,14424,14289,7872,7.3,28282,7.2,14215,14067,8688,6.5,31312,6.5,15940,15372,8539,8.9,30770,9.0,15332,15438,8194,-,27355,13669,13686,8130,5.4,25699,6.1,13334,12365,8555,6.1,27222,6.6,14024,13198,8284,5.7,26697,6.3,13571,13126,8508,5.0,27645,5.8,13928,13717
"파주시",-,-,-,-,-,10126,-,37979,18618,19361,10181,7.6,38349,7.7,19143,19205,10499,7.4,40758,7.9,20699,20059,9419,-,33865,16986,16879,9671,7.4,35329,8.1,17322,18006,8477,8.0,28875,8.8,14150,14726,8442,9.5,28238,9.5,13829,14409,8382,10.3,28548,9.5,13907,14641,8479,-,28138,14217,13921,8027,5.1,26330,6.3,13359,12971,8425,5.3,27132,6.0,13901,13231,8324,5.6,26690,5.9,13382,13308,8329,6.4,26480,6.8,13196,13284
"이천시",-,-,-,-,-,10503,-,37987,18629,19357,9984,6.7,35475,6.6,17671,17804,9595,7.7,34014,7.4,17108,16906,9854,-,34232,17304,16928,10143,5.8,34491,5.4,17242,17249,9760,5.4,32433,5.4,16677,15756,9850,4.6,32643,5.6,16627,16016,9769,5.9,31608,6.8,16292,15316,9722,-,30990,15613,15377,9056,6.1,27647,5.4,14293,13355,9186,6.7,28184,6.2,14291,13892,9075,6.9,25998,7.5,13164,12834,9238,7.3,27011,7.9,13969,13042
"안성시",-,-,-,-,-,-,-,-,-,-,10999,5.6,38804,6.7,19363,19441,10612,5.5,36921,6.7,18514,18406,11231,-,38330,19181,19149,10628,4.8,33188,5.8,16411,16778,11002,7.4,37314,7.8,18458,18856,10139,8.6,34268,8.3,17000,17268,10336,7.1,34628,6.9,17456,17173,10594,-,33426,16733,16693,9634,4.4,31274,3.5,15513,15762,9693,6.0,30932,5.3,15348,15584,10001,6.8,31859,6.9,15824,16036,9516,7.5,29627,7.8,14313,15315
"김포시",-,-,-,-,-,-,-,-,-,-,6409,5.1,24613,5.0,12081,12532,6177,6.0,23938,6.6,11555,12383,6724,-,23483,11806,11677,6250,5.9,22087,6.9,10724,11363,6316,6.5,21148,6.5,10342,10806,6183,6.6,21802,6.6,10618,11185,6161,8.2,21421,8.5,10559,10862,6020,-,19633,9808,9825,5938,5.9,20172,6.2,9894,10279,6166,7.8,20637,7.9,10169,10469,6224,8.0,20511,7.6,10233,10278,6179,7.5,20410,7.6,9899,10511
"화성시",-,-,-,-,-,-,-,-,-,-,17595,5.9,64570,5.6,32669,31900,14954,7.5,57862,8.0,29391,28471,15676,-,50525,25198,25327,16112,6.8,57161,7.8,28190,28970,15092,7.4,48548,9.3,24906,23643,15715,5.7,50287,7.6,25396,24891,15883,7.8,49710,8.9,24906,24804,14065,-,43509,21879,21630,13886,5.0,43158,7.3,21894,21264,13683,5.4,43131,7.7,21712,21418,13830,5.8,43314,8.4,21629,21685,13787,6.9,43495,9.3,21801,21694
"광주시",-,-,-,-,-,-,-,-,-,-,4813,4.6,17883,6.5,8754,9129,4393,6.3,15835,2.8,7679,8156,4161,-,15486,7860,7626,4300,5.9,16061,5.0,7865,8196,4368,7.6,16604,10.9,8360,8244,4316,9.1,16051,12.1,8091,7960,4262,9.9,15565,11.0,7560,8005,4014,-,13973,7036,6937,4542,12.2,15238,13.1,7616,7622,4736,13.2,16190,14.5,8150,8040,4728,13.9,15196,14.6,7676,7520,4894,13.9,15245,15.4,7541,7704
"양주시",-,-,-,-,-,-,-,-,-,-,5182,11.5,18785,12.7,9617,9168,4866,5.4,17332,7.2,8808,8525,4876,-,18311,9292,9019,4740,5.8,17674,4.9,8964,8710,4554,4.3,16623,6.1,8213,8410,4526,4.1,16601,5.9,8300,8301,4409,6.1,16252,6.3,8133,8119,4777,-,16389,8271,8118,5216,4.6,18169,6.8,8937,9232,5293,5.6,18249,6.8,9049,9201,5377,6.7,18764,8.0,9287,9477,5591,8.0,18701,9.5,9661,9039
"포천시",-,-,-,-,-,-,-,-,-,-,9566,6.4,35926,6.9,17975,17950,8988,8.5,33560,9.5,17092,16468,9258,-,31936,16284,15652,9395,5.7,33092,4.9,16750,16341,8501,6.3,28943,6.8,14921,14022,8710,6.3,29538,7.7,15199,14339,8837,6.5,28934,7.6,14759,14174,7870,-,24684,12580,12104,7794,5.9,23832,6.9,12318,11515,7864,5.1,23677,7.3,12280,11397,7586,5.8,22383,6.4,11438,10945,7425,7.1,21836,7.0,11419,10417
"미금시",-,,-,-,-,-,,-,-,-,-,,-,-,-,-,-,,-,-,-,-,-,,-,-,-,-,,-,-,-,-,-,,-,-,-,-,-,,-,-,-,-,-,,-,-,-,-,-,,-,-,-,-,,-,-,-,-,-,,-,-,-,-,-,,-,-,-,-,-,,-,-,-,-
"양주군",5671,,22988,11954,-,5672,,22525,11433,-,-,,-,-,-,-,-,,-,-,-,-,-,,-,-,-,-,,-,-,-,-,-,,-,-,-,-,-,,-,-,-,-,-,,-,-,-,-,-,,-,-,-,-,,-,-,-,-,-,,-,-,-,-,-,,-,-,-,-,-,,-,-,-,-
"여주군",10971,-,38325,18864,19461,10754,-,37176,18032,19144,10405,6.8,36585,7.9,17724,18861,9895,7.3,33139,9.4,16272,16868,9705,-,32592,16291,16301,10115,5.6,33376,7.3,16079,17297,9823,6.2,29691,5.6,15405,14286,9599,5.3,28590,5.5,14790,13800,9546,4.8,27581,4.9,14215,13366,8787,-,26754,13360,13394,8831,6.0,26922,4.4,13665,13257,8824,6.2,26910,5.3,13711,13199,8589,6.5,25551,5.9,12747,12804,8809,6.1,25764,5.8,12942,12822
"화성군",16717,,56126,27727,-,16863,,60514,30213,-,-,,-,-,-,-,-,,-,-,-,-,-,,-,-,-,-,,-,-,-,-,-,,-,-,-,-,-,,-,-,-,-,-,,-,-,-,-,-,,-,-,-,-,,-,-,-,-,-,,-,-,-,-,-,,-,-,-,-,-,,-,-,-,-
"광주군",4670,,18166,9124,-,4180,,15927,8065,-,-,,-,-,-,-,-,,-,-,-,-,-,,-,-,-,-,,-,-,-,-,-,,-,-,-,-,-,,-,-,-,-,-,,-,-,-,-,-,,-,-,-,-,,-,-,-,-,-,,-,-,-,-,-,,-,-,-,-,-,,-,-,-,-
"연천군",5037,-,16641,8523,8118,4375,-,14727,7540,7188,4371,6.8,14871,6.3,7491,7380,4364,5.8,14251,5.9,7235,7016,4885,-,15663,7965,7698,4377,4.5,14031,3.5,7071,6960,4594,6.3,14123,6.8,7259,6864,4626,6.8,14005,6.8,7082,6924,4460,6.0,13269,6.4,6641,6628,4061,-,11912,6004,5908,3760,6.8,10589,7.5,5330,5259,3834,8.9,10664,10.5,5269,5394,3822,8.3,10387,9.9,5121,5267,4079,5.3,10877,5.0,5423,5455
"포천군",10513,,38965,19245,-,10394,,39059,19343,-,-,,-,-,-,-,-,,-,-,-,-,-,,-,-,-,-,,-,-,-,-,-,,-,-,-,-,-,,-,-,-,-,-,,-,-,-,-,-,,-,-,-,-,,-,-,-,-,-,,-,-,-,-,-,,-,-,-,-,-,,-,-,-,-
"가평군",4560,-,15392,7556,7835,4433,-,14236,7306,6931,4887,6.2,16329,5.6,8426,7903,4825,7.2,14767,7.1,7463,7304,4907,-,15456,7698,7758,5008,5.0,14664,4.5,7611,7053,4678,4.4,14514,5.0,7020,7495,4957,4.8,15172,4.6,7339,7833,5005,5.3,15238,5.3,7504,7735,4514,-,13294,6663,6631,4071,6.2,11950,5.6,5890,6060,4049,5.8,11642,4.9,5760,5882,3997,5.2,11541,5.2,5687,5854,4008,5.6,11423,5.2,5654,5769
"양평군",9877,-,31221,15153,16068,9482,-,30565,14954,15611,9236,7.2,29935,8.2,14902,15033,9415,6.8,30354,8.1,14734,15620,9727,-,29590,14676,14914,9486,6.2,29124,6.8,13953,15171,9580,5.1,28696,5.9,14114,14582,9611,5.2,28707,6.0,14166,14541,9437,5.2,27165,5.8,13495,13670,8478,-,24390,12144,12246,8628,6.8,24305,6.9,11963,12343,8667,6.7,24909,7.0,12206,12703,8598,6.6,24462,6.7,11926,12536,8822,7.4,25315,7.5,12406,12909
"안성군",13496,,50081,24976,-,11999,,42550,21238,-,-,,-,-,-,-,-,,-,-,-,-,-,,-,-,-,-,,-,-,-,-,-,,-,-,-,-,-,,-,-,-,-,-,,-,-,-,-,-,,-,-,-,-,,-,-,-,-,-,,-,-,-,-,-,,-,-,-,-,-,,-,-,-,-
"김포군",7117,,27775,13459,-,6596,,24339,11898,-,-,,-,-,-,-,-,,-,-,-,-,-,,-,-,-,-,,-,-,-,-,-,,-,-,-,-,-,,-,-,-,-,-,,-,-,-,-,-,,-,-,-,-,,-,-,-,-,-,,-,-,-,-,-,,-,-,-,-,-,,-,-,-,-
"파주군",10393,,40639,20640,-,-,,-,-,-,-,,-,-,-,-,-,,-,-,-,-,-,,-,-,-,-,,-,-,-,-,-,,-,-,-,-,-,,-,-,-,-,-,,-,-,-,-,-,,-,-,-,-,,-,-,-,-,-,,-,-,-,-,-,,-,-,-,-,-,,-,-,-,-
"이천군",10561,,41677,21431,-,-,,-,-,-,-,,-,-,-,-,-,,-,-,-,-,-,,-,-,-,-,,-,-,-,-,-,,-,-,-,-,-,,-,-,-,-,-,,-,-,-,-,-,,-,-,-,-,,-,-,-,-,-,,-,-,-,-,-,,-,-,-,-,-,,-,-,-,-
"용인군",9596,,36153,18220,-,-,,-,-,-,-,,-,-,-,-,-,,-,-,-,-,-,,-,-,-,-,,-,-,-,-,-,,-,-,-,-,-,,-,-,-,-,-,,-,-,-,-,-,,-,-,-,-,,-,-,-,-,-,,-,-,-,-,-,,-,-,-,-,-,,-,-,-,-
"평택군",-,,-,-,-,-,,-,-,-,-,,-,-,-,-,-,,-,-,-,-,-,,-,-,-,-,,-,-,-,-,-,,-,-,-,-,-,,-,-,-,-,-,,-,-,-,-,-,,-,-,-,-,,-,-,-,-,-,,-,-,-,-,-,,-,-,-,-,-,,-,-,-,-
"강화군",-,,-,-,-,-,,-,-,-,-,,-,-,-,-,-,,-,-,-,-,-,,-,-,-,-,,-,-,-,-,-,,-,-,-,-,-,,-,-,-,-,-,,-,-,-,-,-,,-,-,-,-,,-,-,-,-,-,,-,-,-,-,-,,-,-,-,-,-,,-,-,-,-
"남양주군",-,,-,-,-,-,,-,-,-,-,,-,-,-,-,-,,-,-,-,-,-,,-,-,-,-,,-,-,-,-,-,,-,-,-,-,-,,-,-,-,-,-,,-,-,-,-,-,,-,-,-,-,,-,-,-,-,-,,-,-,-,-,-,,-,-,-,-,-,,-,-,-,-
"강원도",83566,-,277793,136726,141067,81640,-,266627,130713,135914,80337,1.7,259919,1.9,127808,132111,79260,1.9,248180,2.3,123202,124978,77444,-,238044,118748,119296,78578,1.6,237277,1.9,117825,119453,74155,1.6,215365,2.0,106707,108658,75288,1.8,217813,1.9,107928,109885,75154,1.8,216413,2.0,106391,110023,75790,-,214434,106951,107483,77742,1.6,212758,1.9,105614,107143,77466,1.7,212405,2.0,105191,107214,76562,1.8,205178,2.0,101060,104118,75765,1.8,199845,2.0,99430,100415
"춘천시",7124,-,24815,11976,12838,6908,-,24320,11908,12412,6525,6.9,22505,6.7,10911,11595,6465,6.7,21130,7.4,10323,10807,6566,-,21706,10785,10921,6487,5.8,20511,6.4,10030,10481,6321,6.1,20124,6.3,10122,10002,6718,6.9,20822,7.1,10334,10488,6791,6.2,21413,7.0,10423,10990,6486,-,19625,9717,9908,7737,4.5,23759,6.1,11667,12092,7604,5.7,23382,7.8,11240,12141,7476,6.1,21987,7.9,10642,11345,7290,6.0,20943,7.4,10187,10757
"원주시",8448,-,28910,14523,14387,8240,-,28867,14328,14539,8293,6.2,29680,6.0,14486,15194,8425,6.5,29004,7.0,14199,14804,8677,-,28442,14100,14342,8393,5.6,28004,5.6,13660,14343,8153,5.3,25540,5.5,12762,12777,8196,5.3,25642,5.5,12721,12921,8351,5.7,25963,5.7,12961,13002,8340,-,24992,12440,12552,7887,5.6,21946,6.6,10841,11105,8074,5.1,22727,5.9,11436,11292,8094,4.9,21972,5.3,10898,11075,8208,5.5,22065,5.4,10925,11139
"강릉시",8212,-,28047,13904,14143,8050,-,26117,12934,13182,7960,5.0,26526,5.1,13291,13234,7785,5.8,24606,6.8,12091,12515,7487,-,23080,11608,11472,7704,5.9,23273,6.6,11513,11760,7418,5.0,21563,5.5,10595,10968,7214,5.6,20537,5.8,10154,10383,7133,5.1,20324,5.6,10051,10273,7894,-,22763,11457,11306,8152,7.1,23738,7.4,12105,11633,7807,7.3,22630,7.0,11465,11164,7673,7.7,21253,7.2,10543,10709,7599,7.7,20662,7.0,10428,10235
"동해시",2010,-,6672,3250,3422,1958,-,6460,3035,3425,1850,7.4,6076,9.2,2948,3129,1905,5.3,5969,8.6,2964,3005,1852,-,5778,2830,2948,1893,6.2,5849,7.0,2932,2917,1741,6.1,5143,7.8,2459,2685,1794,7.9,5147,7.2,2536,2611,1740,5.1,5021,5.5,2409,2612,2527,-,7007,3435,3572,2581,6.8,7015,6.6,3546,3469,2402,6.0,6299,5.5,3221,3078,2286,5.8,5962,5.2,3062,2900,2238,6.0,5726,5.6,2988,2739
"태백시",553,-,1817,939,878,617,-,1990,989,1001,649,10.9,2091,10.2,1134,957,642,12.1,1861,11.8,985,876,626,-,1941,980,961,665,6.2,1943,8.3,1043,900,516,5.9,1528,6.6,731,797,533,9.3,1654,9.1,806,848,524,12.1,1530,12.7,703,827,674,-,2004,1025,979,580,7.0,1653,6.0,794,859,542,7.5,1533,6.0,742,792,582,7.8,1609,6.7,778,831,575,8.4,1563,7.9,759,804
"속초시",660,-,2481,1219,1261,649,-,2466,1225,1241,765,6.1,2943,7.1,1501,1442,747,9.3,2832,12.7,1399,1432,744,-,2622,1300,1322,644,9.1,2314,10.5,1149,1165,732,8.6,2599,13.1,1329,1270,747,11.3,2579,15.1,1347,1233,748,11.5,2554,14.5,1351,1202,815,-,2537,1267,1270,855,6.6,2398,7.8,1152,1247,842,6.3,2414,7.7,1195,1219,881,9.6,2431,10.4,1225,1205,906,9.5,2354,8.5,1187,1167
"삼척시",5719,-,16594,8084,8510,5566,-,15928,7790,8138,5345,7.1,15550,5.7,7655,7896,5418,8.3,15692,8.4,7937,7755,5222,-,14189,6978,7211,5243,5.8,13755,8.2,6814,6941,4774,3.4,11767,3.6,5574,6193,4967,3.6,12771,4.3,6278,6492,4940,4.3,12147,5.2,5699,6448,4863,-,11941,5802,6139,5155,6.5,12652,7.7,6160,6492,5013,6.8,11908,8.8,5770,6137,5063,7.1,11810,9.1,5694,6116,4809,7.1,11323,8.3,5435,5888
"홍천군",8852,-,28711,14342,14369,8571,-,27666,13160,14506,8798,5.2,27935,8.2,13493,14442,8401,8.7,24952,12.6,12251,12700,8162,-,24680,12202,12478,8825,6.2,26679,8.9,13085,13593,8382,7.3,22852,9.1,11171,11681,8614,7.4,23988,7.3,11601,12387,8577,7.7,24028,7.2,11480,12547,7755,-,21901,10845,11056,7252,6.0,19466,8.7,9585,9881,7350,7.0,19923,8.2,9750,10174,7453,5.7,20431,7.8,10011,10420,7278,5.8,19300,7.7,9702,9598
"횡성군",6858,-,22690,10922,11768,6757,-,22049,10687,11361,7101,7.0,22107,7.7,10692,11414,7391,5.8,21760,7.0,10711,11049,6191,-,18654,9324,9330,5983,7.9,16987,7.0,8384,8603,5816,6.3,17728,12.2,8853,8875,5926,6.6,17712,9.8,8720,8992,5931,8.5,17478,12.0,8697,8782,6210,-,17182,8572,8610,6801,2.5,18115,2.5,8987,9128,6770,2.5,18097,2.9,9058,9039,6604,2.8,17505,3.2,8744,8762,6383,3.0,16665,4.5,8373,8291
"영월군",4974,-,15441,7677,7763,4870,-,14012,6869,7142,4428,5.1,12376,7.1,6171,6205,4575,5.4,12469,7.1,6396,6074,4395,-,11896,5853,6043,4628,3.2,12203,3.9,6146,6057,4227,6.0,11204,8.1,5349,5855,4233,6.1,11277,7.9,5459,5818,4262,6.9,11022,8.3,5313,5709,3882,-,9798,4887,4911,4686,7.7,11027,7.5,5505,5522,4605,9.3,10831,10.5,5419,5412,4386,10.5,10364,11.6,5255,5108,4332,10.4,10047,9.9,5130,4917
"평창군",5891,-,19564,9727,9837,5686,-,18225,8985,9241,5518,3.9,16954,4.6,8270,8684,5672,4.9,17362,5.0,8491,8870,5250,-,15976,7969,8007,5335,5.1,15394,5.9,7649,7746,4982,6.8,14365,5.7,7150,7216,5152,8.3,14474,7.7,7351,7123,5018,7.7,14134,7.2,7189,6945,4995,-,13701,6871,6830,5165,6.6,13342,8.0,6470,6872,5252,6.7,13693,8.1,6656,7037,5177,7.3,13355,8.8,6431,6924,4971,7.6,12926,9.3,6328,6598
"정선군",4120,-,13865,6808,7057,4017,-,12810,6273,6537,3579,8.8,10612,11.3,5264,5348,3445,9.4,10208,13.3,5125,5083,4083,-,11846,6075,5771,3786,7.2,11000,10.0,5536,5464,3496,7.4,8590,7.0,4422,4168,3386,7.0,8623,7.6,4439,4184,3342,6.2,8528,7.0,4306,4222,3406,-,9058,4623,4435,3387,6.2,8697,6.0,4664,4033,3323,5.9,8814,6.5,4633,4181,3190,7.4,7994,7.1,4096,3898,3583,7.1,8674,5.7,4520,4155
"철원군",5423,-,19042,9425,9617,5385,-,19404,9521,9884,5172,6.2,18573,5.7,9179,9394,5120,6.0,18056,6.6,9114,8942,4959,-,16791,8417,8374,5016,3.7,16641,3.9,8579,8062,4925,5.9,15815,6.9,8007,7808,5138,6.7,16089,7.9,8135,7954,5122,6.1,15643,7.7,7960,7682,4764,-,14588,7309,7279,4542,5.2,12615,5.1,6411,6204,4549,6.2,12989,6.3,6541,6448,4522,6.9,12599,6.8,6289,6310,4574,8.2,12451,7.8,6409,6042
"화천군",2440,-,7834,3935,3899,2409,-,7613,3781,3832,2417,6.1,7675,5.7,3894,3781,2393,6.4,7531,5.5,3705,3826,2434,-,7200,3598,3602,2453,6.3,7351,5.4,3572,3779,2349,5.0,6520,5.9,3222,3298,2496,3.7,6785,4.4,3401,3383,2541,3.1,6920,4.6,3472,3448,2169,-,5968,2955,3013,2114,5.9,5869,6.8,2906,2963,2277,5.3,6251,4.8,3012,3239,2366,5.5,6240,4.1,2992,3248,2304,5.2,6126,4.6,2946,3181
"양구군",2633,-,8764,4325,4440,2574,-,8251,4039,4212,2232,9.9,7325,9.9,3493,3832,2158,9.7,7410,9.8,3421,3988,2314,-,7236,3629,3607,2469,3.7,7784,3.1,3880,3905,2188,5.4,6193,6.5,3161,3032,2075,7.3,5975,8.1,3043,2932,2070,4.7,6141,5.5,3038,3102,2257,-,6540,3286,3254,2334,7.1,6885,8.9,3348,3537,2379,5.3,6851,8.1,3393,3458,2413,5.6,6753,7.6,3347,3406,2322,4.8,6335,6.2,3067,3268
"인제군",3123,-,10692,5444,5248,3071,-,10060,5130,4930,3166,9.2,10204,9.4,5195,5009,2900,11.6,9063,11.3,4656,4407,2914,-,9063,4612,4451,3101,8.5,9304,7.7,4749,4555,2637,6.6,7524,6.0,3782,3742,2765,7.4,8118,7.7,4064,4054,2799,7.0,8221,6.8,4045,4177,2872,-,8414,4280,4134,2973,8.0,8868,12.1,4433,4435,3251,7.4,9336,11.7,4624,4713,3135,6.7,8905,10.2,4396,4510,3255,5.1,9134,10.0,4555,4580
"고성군",3118,-,10282,4849,5433,3015,-,10271,5184,5087,3110,5.2,10547,6.0,5195,5352,2837,9.7,9071,7.5,4580,4491,2458,-,7726,3865,3861,2624,11.9,7915,11.3,3825,4090,2565,5.3,7664,4.2,3751,3913,2461,7.4,7421,5.8,3534,3888,2395,7.4,7196,5.9,3381,3815,2477,-,7020,3507,3513,2353,9.3,6465,12.1,3149,3316,2307,8.4,6565,9.3,3132,3433,2296,9.5,6287,10.1,2985,3302,2233,8.9,6034,9.3,2814,3219
"양양군",3406,-,11573,5376,6196,3298,-,10117,4874,5243,3427,7.7,10240,6.6,5037,5203,2982,6.3,9207,8.9,4854,4352,3110,-,9218,4623,4595,3330,5.9,10370,8.4,5278,5092,2935,5.5,8645,6.9,4267,4379,2875,5.4,8199,7.5,4004,4195,2871,5.1,8152,7.4,3914,4238,3404,-,9395,4673,4722,3188,9.5,8248,8.1,3891,4357,3116,9.5,8163,10.2,3906,4258,2965,9.8,7722,9.5,3673,4049,2906,9.9,7516,9.6,3678,3838
"명주군",-,,-,-,-,-,,-,-,-,-,,-,-,-,-,-,,-,-,-,-,-,,-,-,-,-,,-,-,-,-,-,,-,-,-,-,-,,-,-,-,-,-,,-,-,-,-,-,,-,-,-,-,,-,-,-,-,-,,-,-,-,-,-,,-,-,-,-,-,,-,-,-,-
"삼척군",-,,-,-,-,-,,-,-,-,-,,-,-,-,-,-,,-,-,-,-,-,,-,-,-,-,,-,-,-,-,-,,-,-,-,-,-,,-,-,-,-,-,,-,-,-,-,-,,-,-,-,-,,-,-,-,-,-,,-,-,-,-,-,,-,-,-,-,-,,-,-,-,-
"춘천군",-,,-,-,-,-,,-,-,-,-,,-,-,-,-,-,,-,-,-,-,-,,-,-,-,-,,-,-,-,-,-,,-,-,-,-,-,,-,-,-,-,-,,-,-,-,-,-,,-,-,-,-,,-,-,-,-,-,,-,-,-,-,-,,-,-,-,-,-,,-,-,-,-
"원주군",-,,-,-,-,-,,-,-,-,-,,-,-,-,-,-,,-,-,-,-,-,,-,-,-,-,,-,-,-,-,-,,-,-,-,-,-,,-,-,-,-,-,,-,-,-,-,-,,-,-,-,-,,-,-,-,-,-,,-,-,-,-,-,,-,-,-,-,-,,-,-,-,-
"춘성군",-,,-,-,-,-,,-,-,-,-,,-,-,-,-,-,,-,-,-,-,-,,-,-,-,-,,-,-,-,-,-,,-,-,-,-,-,,-,-,-,-,-,,-,-,-,-,-,,-,-,-,-,,-,-,-,-,-,,-,-,-,-,-,,-,-,-,-,-,,-,-,-,-
"청주시",4005,-,16949,8267,8682,3911,-,15114,7720,7394,4189,8.6,15993,10.8,7898,8096,3915,12.8,14230,12.5,6952,7278,4044,-,14802,7405,7397,3886,10.8,14008,11.6,7036,6971,3566,5.9,12822,7.8,6318,6505,3966,8.2,14316,10.2,6969,7347,3714,6.7,13413,8.5,6496,6917,6622,-,21919,11087,10832,6097,7.0,18116,7.0,9105,9012,6104,12.1,18061,11.0,9334,8727,6440,13.5,19245,14.9,9794,9451,6670,19.7,20523,20.7,10692,9831
"충주시",13192,-,41903,20587,21315,12909,-,40521,20459,20062,12085,4.7,36773,5.3,18424,18349,11565,6.1,35275,6.5,17670,17605,12167,-,37622,18708,18914,11802,4.6,34538,4.7,17320,17218,11297,5.1,32198,5.0,15878,16320,10840,5.1,30867,5.3,15333,15533,11094,5.2,30868,5.3,15286,15581,11727,-,33416,16796,16620,12400,4.4,34438,4.7,17362,17076,12329,4.2,34673,4.8,17494,17179,12324,4.4,34007,5.1,17177,16831,11918,4.8,32055,5.3,15892,16164
"제천시",8481,-,28838,14076,14762,8263,-,27489,13517,13972,8425,6.6,25905,7.6,13052,12853,7956,6.6,24671,7.5,12477,12194,7803,-,22990,11485,11505,7848,5.4,23219,5.9,11650,11569,6996,4.4,20048,4.3,9597,10451,6958,4.9,19463,5.0,9365,10098,7083,4.7,19291,4.7,9304,9987,7538,-,20554,10318,10236,7002,6.1,18090,6.3,8960,9130,7230,6.8,18764,7.5,9384,9381,7237,6.9,18253,7.7,8986,9268,7092,7.4,17560,7.9,8603,8957
"청원군",16078,-,57859,28388,29470,16033,-,54840,27367,27473,15711,5.7,54104,7.6,27048,27056,15484,5.9,45768,8.4,22641,23127,13953,-,44681,22289,22392,14413,10.4,40942,6.5,19793,21149,13402,4.9,43840,7.9,22056,21785,13404,5.3,41321,9.1,21378,19943,13238,6.5,40097,10.7,20551,19546,12361,-,36542,18186,18356,13224,6.4,37972,6.9,18769,19202,13406,4.7,38747,5.5,18940,19807,13446,2.5,37856,4.2,18222,19633,13228,2.6,37325,4.7,18313,19012
"보은군",7913,-,24694,11719,12975,7810,-,23795,11305,12490,7479,4.8,20930,5.2,9963,10967,7462,4.9,20115,5.7,9710,10405,7407,-,20076,9770,10306,7106,5.4,18495,5.9,8767,9728,6551,5.9,16570,6.2,8290,8281,6355,5.0,16262,6.4,8193,8068,6265,4.3,15908,6.9,7840,8068,6085,-,15163,7331,7832,6405,5.8,16343,5.5,7982,8361,6176,4.3,15734,5.5,7560,8174,6022,4.0,15040,5.3,7185,7855,5896,4.6,14543,4.7,7147,7397
"옥천군",9090,-,27650,13441,14209,9012,-,27045,13082,13963,8727,12.9,27570,13.4,13673,13897,8151,5.0,25789,6.1,12113,13676,8248,-,23484,11522,11962,8384,3.0,24532,2.9,12125,12407,7567,8.0,20976,6.5,10386,10590,7304,8.1,19597,7.8,9602,9995,7132,7.8,18858,8.0,9302,9556,7283,-,19248,9472,9776,7538,3.6,20604,5.3,10029,10576,6849,5.6,18567,7.2,8956,9611,6473,5.2,17719,8.8,8528,9191,6384,4.8,16618,8.6,7890,8728
"영동군",9692,-,27019,12660,14359,9520,-,26840,12787,14054,8981,7.1,26621,7.2,12856,13765,8894,8.2,26470,8.2,13103,13367,9254,-,28408,14260,14148,8974,5.3,25889,5.7,13040,12849,8560,6.6,24274,6.8,12159,12115,8196,6.5,22870,5.8,11572,11297,7983,6.1,21827,4.9,10897,10931,8192,-,21366,10396,10970,8627,8.3,21860,11.0,10962,10898,8234,8.0,21008,11.7,10723,10286,8252,8.1,20147,10.6,10144,10003,8102,8.3,20020,10.4,9786,10234
"진천군",6323,-,21176,10439,10737,6136,-,19938,9833,10105,6284,4.8,20137,5.1,10288,9849,6306,6.2,20558,4.3,10494,10064,6100,-,18593,9278,9315,6165,5.1,18427,4.7,9138,9289,5867,7.6,17412,7.2,8676,8737,5513,5.1,15961,5.0,8239,7721,5605,3.9,16013,4.7,8270,7742,5370,-,15391,7690,7701,5508,6.0,16493,6.5,7855,8638,5230,5.3,15837,5.5,7577,8260,5335,3.9,15390,4.3,7372,8018,5343,5.5,15205,5.8,7413,7791
"단양군",4429,-,13708,6685,7024,4360,-,13485,6809,6676,4251,4.1,12618,4.9,6149,6469,4036,13.0,11748,14.7,5651,6097,4509,-,12239,6002,6237,4456,9.8,12324,12.4,6091,6233,3791,5.6,10423,8.1,5147,5276,3765,6.5,10087,7.5,5055,5032,3699,7.2,9632,8.5,4800,4832,3863,-,9563,4703,4860,3801,6.4,8968,5.0,4360,4607,3788,6.7,8899,5.0,4276,4624,3713,7.0,8715,6.1,4151,4565,3494,6.9,8065,6.7,3871,4195
"중원군",-,,-,-,-,-,,-,-,-,-,,-,-,-,-,-,,-,-,-,-,-,,-,-,-,-,,-,-,-,-,-,,-,-,-,-,-,,-,-,-,-,-,,-,-,-,-,-,,-,-,-,-,,-,-,-,-,-,,-,-,-,-,-,,-,-,-,-,-,,-,-,-,-
"제천군",-,,-,-,-,-,,-,-,-,-,,-,-,-,-,-,,-,-,-,-,-,,-,-,-,-,,-,-,-,-,-,,-,-,-,-,-,,-,-,-,-,-,,-,-,-,-,-,,-,-,-,-,,-,-,-,-,-,,-,-,-,-,-,,-,-,-,-,-,,-,-,-,-
"증평군",-,-,-,-,-,-,-,-,-,-,-,-,-,-,-,-,-,-,-,-,-,-,-,-,-,-,-,-,-,-,-,-,-,-,-,-,-,-,-,-,-,-,-,-,-,-,-,-,-,-,-,1799,-,5186,2559,2627,1791,9.5,5192,8.5,2547,2645,1725,11.7,4997,10.8,2465,2532,1686,11.9,4810,9.6,2406,2404,1653,12.9,4476,11.6,2234,2242
"충청남도",185533,-,601833,292178,309655,180963,-,570755,275660,295095,175570,1.6,560099,1.7,272275,287825,174114,1.7,540001,2.0,261587,278414,179550,-,538718,265681,273037,172833,1.6,514808,1.7,250167,264641,168521,1.6,485598,1.7,238836,246762,164080,1.7,468936,1.7,230215,238721,160784,1.7,452784,1.8,222369,230416,163197,-,446022,219411,226611,161986,1.4,437295,1.6,214709,222586,161025,1.5,433585,1.7,213289,220296,160734,1.5,428273,1.7,210135,218139,158528,1.5,417312,1.7,204867,212445
"천안시",11892,-,40467,20150,20316,11732,-,40096,19563,20533,11021,4.7,39079,5.3,19031,20048,11791,5.5,42455,5.6,20706,21748,11700,-,38929,19680,19249,11636,5.2,40145,5.6,19803,20342,11025,5.1,34673,5.8,17818,16855,10778,5.4,33349,6.2,17123,16225,10615,5.3,33269,6.5,17170,16099,12574,-,39571,19890,19681,12591,6.7,39036,5.9,19889,19146,12424,7.0,38371,5.8,19471,18900,12885,6.4,38733,5.3,20177,18556,13408,6.7,39769,6.5,20508,19261
"공주시",13215,-,44057,21234,22823,13083,-,40677,20630,20047,12677,7.3,39815,7.5,19978,19837,12387,7.8,37855,8.4,18529,19326,13461,-,40377,20139,20238,12424,7.0,37961,7.0,18879,19082,12848,5.1,35932,5.6,17657,18275,12714,5.7,35312,5.7,17250,18062,12323,6.0,33316,5.8,16297,17018,12652,-,35038,17351,17687,13083,5.3,37711,5.9,18891,18820,12830,5.6,36191,6.9,18057,18134,12904,5.4,35674,7.0,17545,18129,12750,5.3,34814,6.5,16812,18002
"보령시",11806,-,39831,19857,19973,11350,-,36267,17411,18856,11872,5.9,37162,6.6,17938,19224,11260,6.5,33410,7.4,16259,17151,10897,-,31243,15577,15666,11126,7.6,31748,7.8,15868,15880,10017,5.1,28343,6.0,14017,14326,9488,5.2,26683,5.4,13186,13497,9325,5.9,25572,6.1,12712,12860,9843,-,25682,12632,13050,9235,4.5,24350,5.1,11976,12375,8986,5.2,23283,5.6,11633,11650,9472,4.7,24653,4.0,12405,12248,9219,5.1,23523,4.6,11910,11613
"아산시",12852,-,44374,21150,23225,12564,-,41570,19637,21933,12325,5.8,42502,5.4,20955,21547,11442,9.5,37930,9.4,18724,19206,12651,-,40725,20434,20291,11826,8.2,36399,7.9,17652,18371,11276,5.9,36291,5.7,17858,18433,11221,5.4,35946,4.9,17805,18141,10937,5.2,34267,4.4,16875,17392,11519,-,34791,17534,17257,10827,5.4,31545,6.4,15262,16283,10697,5.7,31488,6.0,15034,16454,10439,5.8,29665,5.7,14168,15497,10180,5.1,28701,5.9,14200,14500
"서산시",14711,-,47877,23459,24418,14606,-,47807,22696,25110,14064,6.6,45958,7.7,22338,23620,14088,6.6,43354,8.4,20995,22359,14456,-,42776,20893,21883,14355,5.7,44098,6.6,21447,22651,14405,4.1,39598,4.5,19253,20345,13853,4.3,37786,4.8,18490,19296,13631,4.7,36402,5.1,17757,18645,13564,-,36675,17911,18764,13740,4.8,35820,5.4,17591,18229,13436,5.3,34476,5.6,16947,17529,13490,5.7,34073,5.8,16623,17450,13139,6.1,32811,6.3,15870,16941
"논산시",-,-,-,-,-,16356,-,50652,24109,26543,15083,5.8,48586,6.1,23560,25025,14142,6.3,43937,6.8,20787,23150,15714,-,47963,23723,24240,14520,6.2,43435,6.2,21141,22295,14572,5.5,42849,5.1,21448,21401,14580,6.0,42661,5.6,21322,21339,14211,6.4,41088,6.3,20469,20619,13120,-,36258,17968,18290,14238,3.7,36426,4.5,18139,18287,14090,4.2,36394,4.7,18490,17904,13772,4.1,36270,5.4,17821,18449,12810,4.2,34138,5.5,16637,17500
"대천시",-,,-,-,-,-,,-,-,-,-,,-,-,-,-,-,,-,-,-,-,-,,-,-,-,-,,-,-,-,-,-,,-,-,-,-,-,,-,-,-,-,-,,-,-,-,-,-,,-,-,-,-,,-,-,-,-,-,,-,-,-,-,-,,-,-,-,-,-,,-,-,-,-
"온양시",-,,-,-,-,-,,-,-,-,-,,-,-,-,-,-,,-,-,-,-,-,,-,-,-,-,,-,-,-,-,-,,-,-,-,-,-,,-,-,-,-,-,,-,-,-,-,-,,-,-,-,-,,-,-,-,-,-,,-,-,-,-,-,,-,-,-,-,-,,-,-,-,-
"계룡시",-,-,-,-,-,-,-,-,-,-,-,-,-,-,-,-,-,-,-,-,-,-,-,-,-,-,-,-,-,-,-,-,-,-,-,-,-,-,-,-,-,-,-,-,-,-,-,-,-,-,-,469,-,1362,691,671,507,13.4,1553,15.4,763,789,546,13.6,1723,17.2,849,874,538,14.4,1588,16.3,762,826,492,16.7,1559,16.9,760,799
"금산군",9861,-,29099,14062,15036,9588,-,28925,14464,14462,9445,4.2,29430,3.6,14595,14835,9575,6.1,30761,5.3,15133,15628,9614,-,26718,12984,13734,8919,5.3,27084,4.7,13477,13607,8820,9.5,26439,7.4,13287,13153,8729,8.4,25331,6.0,12889,12442,8649,8.7,24610,6.5,12510,12100,8848,-,22644,11022,11622,8895,5.8,24096,9.7,11999,12097,8592,5.6,23557,10.0,11701,11856,8176,6.2,21676,9.7,10783,10893,7991,6.8,19768,7.3,9812,9956
"연기군",7444,-,24909,12405,12504,7321,-,23294,11140,12154,6836,7.7,22824,6.6,11015,11808,6525,7.6,21781,9.2,10639,11142,7425,-,23611,11709,11902,7069,4.6,22937,5.9,11260,11677,6692,6.2,20867,7.3,10051,10816,6647,6.1,21012,7.1,10063,10949,6470,5.3,20351,6.2,9829,10522,6424,-,19325,9693,9632,6886,7.1,20042,7.7,9975,10067,6965,7.1,20292,7.3,10287,10004,7037,7.2,20092,7.6,9950,10142,7161,7.0,19846,7.6,9779,10068
"부여군",15083,-,47590,22937,24654,14470,-,43977,21336,22640,13523,4.2,41906,4.9,20378,21528,14092,4.3,44568,5.7,20976,23593,14079,-,40927,20000,20927,13281,4.3,41769,4.7,20078,21691,14430,8.7,39327,8.4,19420,19907,13397,8.9,36673,8.1,17976,18697,13063,8.8,34975,8.2,17222,17754,12071,-,31876,15667,16209,11728,4.8,31066,6.1,15240,15826,11363,5.1,29604,6.6,14666,14938,10890,5.3,29182,7.5,14679,14503,11211,4.8,29050,7.4,14701,14349
"서천군",10900,-,34486,16463,18023,10836,-,32741,15740,17001,11127,5.2,33267,6.6,16085,17182,10150,6.2,29312,8.0,14244,15068,9883,-,27082,13130,13952,9690,5.7,26492,6.9,13152,13341,8916,6.2,24469,8.0,11629,12840,8716,6.5,23815,8.0,11235,12580,8848,7.0,23675,8.0,11142,12533,8518,-,21391,10422,10969,7835,7.2,19610,5.8,9646,9964,8168,8.2,20065,7.1,10133,9932,8070,8.7,19979,7.2,9743,10237,7836,7.7,18936,4.8,9409,9527
"청양군",7911,-,23902,11691,12211,7720,-,23893,11571,12321,7668,4.8,23297,5.5,11228,12069,7906,4.8,22454,5.8,10813,11641,7684,-,21636,10516,11120,7912,4.9,21194,5.0,10146,11048,7551,3.0,19862,6.9,9408,10454,7312,2.8,18756,6.1,8827,9928,7062,3.8,18137,6.7,8604,9533,6819,-,17234,8390,8844,7057,5.9,17732,7.9,8754,8978,7061,6.1,17520,7.2,8558,8962,7127,6.0,17148,7.2,8262,8885,6949,6.3,16719,7.8,8102,8616
"홍성군",12863,-,43353,20730,22623,12469,-,39533,18393,21140,12047,4.1,38763,3.7,18540,20223,11763,4.7,35984,5.9,17522,18462,12613,-,37080,17921,19159,12057,4.3,34598,5.9,16684,17914,11901,7.7,34285,9.0,16921,17364,11913,7.9,33727,9.2,16547,17180,11785,7.8,33111,9.0,16184,16927,11108,-,29425,14185,15240,10414,2.9,27583,4.1,13323,14260,10834,3.3,28552,4.8,13506,15047,11126,2.5,28995,3.7,13964,15031,11241,3.6,28933,4.6,14098,14834
"예산군",13644,-,45417,22169,23248,13110,-,41778,20617,21162,13173,6.9,40094,8.1,19540,20554,13384,6.0,38764,8.8,18819,19945,13667,-,42524,21123,21401,13004,5.3,37148,6.5,17895,19253,12558,5.3,36887,7.4,18241,18646,12335,6.2,36068,7.7,17462,18606,11842,7.0,34206,8.1,16514,17692,12127,-,32439,15889,16550,11427,4.7,30069,6.2,14655,15414,11476,4.0,31317,6.1,15402,15915,11385,3.4,30305,4.8,14961,15343,11193,3.9,29612,5.5,14557,15056
"태안군",9771,-,29221,13590,15631,9472,-,27062,13335,13726,8706,4.8,24128,5.2,11633,12495,8802,4.7,23632,5.2,10879,12752,9823,-,28300,13762,14538,8880,5.5,23418,5.1,10964,12455,8307,6.0,23023,5.6,11004,12020,7826,6.0,21753,5.8,10249,11504,7937,5.8,21822,5.5,10401,11421,8950,-,22406,10687,11719,9687,6.8,24316,7.2,11114,13202,9976,7.7,25345,7.8,11464,13882,9871,7.8,24779,8.4,11200,13579,9411,7.6,23290,8.0,10410,12880
"당진군",16707,-,52550,25214,27335,16284,-,52483,25016,27467,16003,7.0,53289,7.9,25460,27829,16806,6.3,53804,7.7,26561,27243,15883,-,48827,24090,24737,16134,5.6,46380,7.0,21722,24658,15202,5.3,42751,5.8,20825,21926,14570,6.6,40066,6.5,19791,20275,14086,6.8,37982,6.8,18682,19301,14591,-,39905,19479,20426,13835,5.4,36341,6.1,17493,18848,13580,5.8,35408,6.2,17090,18317,13554,5.8,35463,6.5,17092,18371,13538,5.8,35844,7.4,17301,18543
"천안군",-,,-,-,-,-,,-,-,-,-,,-,-,-,-,-,,-,-,-,-,-,,-,-,-,-,,-,-,-,-,-,,-,-,-,-,-,,-,-,-,-,-,,-,-,-,-,-,,-,-,-,-,,-,-,-,-,-,,-,-,-,-,-,,-,-,-,-,-,,-,-,-,-
"공주군",-,,-,-,-,-,,-,-,-,-,,-,-,-,-,-,,-,-,-,-,-,,-,-,-,-,,-,-,-,-,-,,-,-,-,-,-,,-,-,-,-,-,,-,-,-,-,-,,-,-,-,-,,-,-,-,-,-,,-,-,-,-,-,,-,-,-,-,-,,-,-,-,-
"보령군",-,,-,-,-,-,,-,-,-,-,,-,-,-,-,-,,-,-,-,-,-,,-,-,-,-,,-,-,-,-,-,,-,-,-,-,-,,-,-,-,-,-,,-,-,-,-,-,,-,-,-,-,,-,-,-,-,-,,-,-,-,-,-,,-,-,-,-,-,,-,-,-,-
"서산군",-,,-,-,-,-,,-,-,-,-,,-,-,-,-,-,,-,-,-,-,-,,-,-,-,-,,-,-,-,-,-,,-,-,-,-,-,,-,-,-,-,-,,-,-,-,-,-,,-,-,-,-,,-,-,-,-,-,,-,-,-,-,-,,-,-,-,-,-,,-,-,-,-
"아산군",-,,-,-,-,-,,-,-,-,-,,-,-,-,-,-,,-,-,-,-,-,,-,-,-,-,,-,-,-,-,-,,-,-,-,-,-,,-,-,-,-,-,,-,-,-,-,-,,-,-,-,-,,-,-,-,-,-,,-,-,-,-,-,,-,-,-,-,-,,-,-,-,-
"논산군",16874,,54702,27067,-,-,,-,-,-,-,,-,-,-,-,-,,-,-,-,-,-,,-,-,-,-,,-,-,-,-,-,,-,-,-,-,-,,-,-,-,-,-,,-,-,-,-,-,,-,-,-,-,,-,-,-,-,-,,-,-,-,-,-,,-,-,-,-,-,,-,-,-,-
"전주시",5184,-,20931,10539,10391,5011,-,17863,8490,9373,4848,5.1,17767,4.6,8491,9277,4630,6.8,17181,6.1,8457,8725,5153,-,18145,9021,9124,4713,7.1,16041,7.7,7928,8113,4211,7.2,14464,8.6,7236,7228,4228,7.0,14865,7.7,7412,7454,4147,8.9,13924,9.7,6761,7163,6066,-,19638,9889,9749,5975,8.4,17816,10.8,9388,8428,5896,9.2,18227,11.5,9505,8722,5990,8.5,17279,10.6,8506,8773,6014,8.9,17774,9.7,8826,8948
"군산시",9465,-,34585,16806,17779,8997,-,29666,14457,15209,8947,5.3,29263,5.4,14544,14719,8368,5.6,27220,5.7,13670,13550,8562,-,27826,13908,13918,7758,5.0,23734,5.1,11657,12077,8145,6.2,25117,6.2,12777,12340,7899,6.7,25042,7.3,12433,12610,7753,7.0,24785,7.3,12341,12443,8552,-,24592,12178,12414,8597,5.7,23178,6.2,11431,11746,7989,6.3,22019,6.8,10965,11053,7905,5.9,21450,7.1,10434,11016,7685,6.6,20905,7.6,10167,10738
"익산시",-,-,-,-,-,15982,-,53694,25473,28221,16325,5.5,54449,5.2,26204,28245,15284,5.2,50342,6.7,24787,25554,15274,-,48275,24058,24217,14016,6.0,45857,6.7,22443,23414,12256,6.0,38083,6.0,18840,19243,12132,5.7,36710,5.5,18010,18700,11909,5.8,35176,5.5,16885,18291,13757,-,39705,19698,20007,13644,6.1,41507,6.6,20858,20649,13946,6.3,41611,6.0,20957,20654,13650,6.8,39868,7.1,19933,19935,13571,7.0,39379,9.0,19611,19768
"정읍시",16384,-,47954,22632,25321,15717,-,44901,20794,24106,15697,5.7,46136,6.0,21546,24590,16028,6.1,44091,6.6,19800,24291,15024,-,40406,19454,20952,14976,5.5,39138,5.8,18365,20773,14592,6.2,38683,6.1,18412,20271,13956,6.1,37643,5.8,17646,19997,13796,5.9,36309,5.6,17124,19185,13003,-,32313,15556,16757,12296,5.8,31687,6.4,15270,16417,11928,5.2,30745,5.4,14902,15843,11795,5.4,29722,6.0,14442,15281,11668,6.5,28281,6.7,13732,14549
"남원시",13264,-,40228,18566,21662,12885,-,36009,17147,18862,12284,5.2,34469,5.9,15994,18475,12401,5.5,34624,6.7,16249,18376,12361,-,33177,15878,17299,12019,4.3,29971,5.4,13826,16144,11322,5.1,30943,6.7,14619,16324,11241,5.1,30682,6.5,14295,16387,10828,4.6,29830,5.9,14245,15585,11121,-,27688,13128,14560,10738,5.2,25387,5.6,12235,13152,10336,5.3,24537,6.1,11538,12999,9959,5.0,23478,6.1,11109,12369,9575,5.5,22636,7.3,10636,12000
"김제시",16676,-,53540,26438,27102,16144,-,51315,24445,26870,16754,6.3,52044,6.9,25439,26605,15879,5.9,46304,6.5,22130,24174,15536,-,45305,22157,23148,16090,6.1,43906,6.4,21345,22561,14254,6.4,39645,6.5,19186,20459,13722,6.6,38456,7.0,18683,19774,13223,6.7,36626,7.3,17716,18910,13192,-,35033,17108,17925,11824,6.4,31333,6.9,15815,15518,11640,6.1,31599,6.4,15765,15833,11365,6.3,31018,6.6,15653,15365,11265,6.8,30472,6.8,15477,14995
"정주시",-,,-,-,-,-,,-,-,-,-,,-,-,-,-,-,,-,-,-,-,-,,-,-,-,-,,-,-,-,-,-,,-,-,-,-,-,,-,-,-,-,-,,-,-,-,-,-,,-,-,-,-,,-,-,-,-,-,,-,-,-,-,-,,-,-,-,-,-,,-,-,-,-
"남원군",-,,-,-,-,-,,-,-,-,-,,-,-,-,-,-,,-,-,-,-,-,,-,-,-,-,,-,-,-,-,-,,-,-,-,-,-,,-,-,-,-,-,,-,-,-,-,-,,-,-,-,-,,-,-,-,-,-,,-,-,-,-,-,,-,-,-,-,-,,-,-,-,-
"정읍군",-,,-,-,-,-,,-,-,-,-,,-,-,-,-,-,,-,-,-,-,-,,-,-,-,-,,-,-,-,-,-,,-,-,-,-,-,,-,-,-,-,-,,-,-,-,-,-,,-,-,-,-,,-,-,-,-,-,,-,-,-,-,-,,-,-,-,-,-,,-,-,-,-
"김제군",-,,-,-,-,-,,-,-,-,-,,-,-,-,-,-,,-,-,-,-,-,,-,-,-,-,,-,-,-,-,-,,-,-,-,-,-,,-,-,-,-,-,,-,-,-,-,-,,-,-,-,-,,-,-,-,-,-,,-,-,-,-,-,,-,-,-,-,-,,-,-,-,-
"완주군",11435,-,40168,19865,20303,11205,-,38646,18611,20034,11315,4.7,38343,5.9,18453,19890,10904,6.4,37611,7.8,17810,19801,10831,-,33596,16627,16969,10441,4.6,34304,6.9,16432,17872,9797,4.2,27636,4.5,13631,14005,9499,3.6,26240,4.1,12908,13332,9524,3.9,26160,4.1,12684,13476,9312,-,27005,13474,13531,10281,5.4,30270,6.9,15313,14957,10146,6.0,29679,6.8,15040,14639,9465,7.1,27702,6.9,14212,13490,9213,8.2,26166,8.5,13280,12885
"진안군",7654,-,21783,10615,11167,7413,-,21712,10217,11494,7341,3.4,20574,5.6,9804,10770,7145,4.9,18692,5.6,9110,9582,6542,-,17345,8441,8904,6272,4.8,16545,4.7,8196,8349,5370,9.2,12595,6.9,6156,6439,5387,6.9,13046,4.3,6432,6614,5378,5.7,12892,3.7,6263,6630,4958,-,12114,6011,6103,5327,7.8,11394,7.5,5398,5996,5223,8.8,11019,8.8,5128,5891,5204,9.4,11444,8.0,5288,6156,5342,9.5,11840,7.8,5617,6223
"무주군",5498,-,16212,7477,8735,5266,-,15852,7543,8310,5012,7.1,15218,9.6,7248,7970,4646,9.7,13187,11.2,6452,6735,5118,-,13434,6456,6978,4932,7.4,12864,8.0,6160,6705,4463,3.5,11191,4.0,5375,5816,4409,2.9,10735,3.3,5137,5599,4393,2.9,10895,4.2,5220,5674,4414,-,10537,5053,5484,4682,4.7,10156,6.0,4919,5237,4686,5.0,10512,6.2,5051,5461,4511,5.5,10147,6.6,4861,5286,4524,5.9,10215,6.7,4941,5275
"장수군",5575,-,16543,7883,8660,5454,-,16364,7921,8443,5398,4.4,15529,5.8,7479,8050,5308,6.8,14812,9.5,7207,7605,5019,-,13608,6531,7077,4776,5.3,12895,6.3,6248,6647,4433,5.5,12208,9.8,5934,6274,4452,5.9,12382,12.5,6069,6313,4391,7.0,12013,13.3,5685,6328,4787,-,12039,5808,6231,4452,6.1,10696,8.7,5228,5468,4306,7.5,10781,9.0,5182,5599,4172,7.7,10504,7.3,5057,5446,4189,7.7,10502,8.5,5032,5470
"임실군",7745,-,22703,10637,12066,7680,-,20833,9437,11397,7066,6.1,19511,7.0,8973,10538,6539,8.4,17746,8.7,8487,9259,7004,-,17616,8374,9242,6482,7.1,16303,7.8,7522,8781,6221,7.5,14333,8.2,6819,7514,6284,5.7,14985,6.3,7176,7808,5986,5.2,14499,5.3,6940,7559,6045,-,14280,6768,7512,5835,3.8,13071,4.7,6116,6955,5768,4.3,12806,5.6,5976,6829,5685,4.5,12347,5.5,5666,6681,5477,5.4,11834,6.7,5424,6410
"순창군",7912,-,21558,10264,11294,7839,-,20718,9378,11339,7313,4.3,18296,0.6,8240,10056,7435,6.2,18529,7.7,8570,9959,7221,-,18154,8517,9637,7304,5.0,18358,5.4,8686,9672,6680,7.1,15502,9.0,7384,8119,6406,6.5,14749,8.0,6927,7822,6306,5.7,14352,8.2,6875,7477,6234,-,14658,6812,7846,6357,3.9,14400,4.8,6634,7766,5996,4.4,13327,5.7,5990,7338,5947,5.4,13314,6.1,5988,7326,5788,6.8,13072,6.8,5961,7111
"고창군",14534,-,42690,20110,22580,14145,-,41124,19041,22084,13353,5.1,40599,4.7,19313,21285,13053,6.1,39074,5.7,18578,20496,13168,-,33172,15732,17440,12940,4.7,34850,5.6,16435,18415,11790,8.0,28236,10.0,12813,15423,11946,8.2,27835,10.5,12434,15401,11586,8.4,26455,10.0,11630,14825,11882,-,28106,13292,14814,11262,5.2,26940,5.6,12732,14209,10510,5.3,25226,7.0,11698,13528,10127,6.0,24116,8.1,11225,12891,10336,6.2,24478,7.3,11171,13307
"부안군",11666,-,35466,16535,18932,11223,-,36293,17157,19135,10463,6.4,32671,5.2,15859,16812,9685,4.2,27331,5.8,13172,14159,10604,-,28848,13777,15071,9548,4.8,24855,3.0,11846,13009,9385,2.9,24941,3.1,11761,13180,8982,2.8,23626,4.5,11024,12602,8542,2.6,22534,4.3,10634,11900,8426,-,21290,10208,11082,7637,7.5,19663,13.5,9177,10486,7038,9.0,18167,15.2,8418,9749,6832,8.6,17734,14.5,8232,9502,6998,9.1,18031,15.3,8468,9563
"익산군",-,,-,-,-,-,,-,-,-,-,,-,-,-,-,-,,-,-,-,-,-,,-,-,-,-,,-,-,-,-,-,,-,-,-,-,-,,-,-,-,-,-,,-,-,-,-,-,,-,-,-,-,,-,-,-,-,-,,-,-,-,-,-,,-,-,-,-,-,,-,-,-,-
"전라남도",245990,-,702797,329497,373299,240716,-,669850,312004,357845,234560,1.3,660827,1.6,309596,351231,229342,1.4,632539,1.7,297625,334914,232634,-,606419,287881,318538,226961,1.2,590880,1.5,277128,313752,208190,1.2,522290,1.5,243861,278429,203491,1.3,510744,1.5,240269,270475,199053,1.4,492836,1.6,229667,263170,198764,-,477611,224621,252990,194565,1.4,461036,1.6,214839,246197,190387,1.4,452324,1.7,209499,242825,185569,1.5,438961,1.8,203519,235442,181090,1.5,425154,1.7,196089,229065
"목포시",1092,-,3598,1787,1811,1020,-,2986,1462,1523,984,4.6,2986,5.8,1470,1515,1017,4.3,3010,7.2,1478,1532,1155,-,3389,1668,1721,1110,10.2,3082,8.9,1552,1529,1081,7.0,3139,6.2,1561,1579,1111,14.3,3037,15.2,1481,1557,1162,18.1,3304,18.6,1640,1664,1256,-,3565,1729,1836,1152,11.4,3335,15.6,1401,1934,921,15.3,2493,16.9,1106,1388,976,16.9,2538,21.1,1250,1287,954,17.4,2427,23.5,1110,1317
"여수시",1008,-,4112,2035,2077,869,-,3233,1611,1622,14119,7.5,43885,6.2,20660,23226,13128,5.0,39669,7.5,18487,21183,12592,-,36256,17555,18701,11755,4.3,34891,5.6,16518,18371,11118,5.7,34535,6.1,15871,18664,10873,6.3,33393,7.0,15640,17753,10785,7.6,33468,7.8,15367,18101,10890,-,27821,13209,14612,12047,7.4,30862,8.8,14595,16267,11640,7.8,30049,9.0,13883,16166,11012,7.3,27230,8.5,12502,14728,10850,6.7,26898,8.2,12077,14821
"순천시",14743,-,46252,22161,24090,14582,-,45758,21831,23927,15140,7.6,49260,9.7,23736,25524,14082,6.5,44444,8.5,21823,22620,14720,-,42155,20431,21724,14409,4.4,43390,5.9,21317,22073,12910,4.7,35016,5.7,16335,18681,12240,6.0,32958,6.5,15372,17586,12346,5.7,32379,5.8,15391,16987,12968,-,33152,15925,17227,12748,5.5,34168,6.2,16253,17915,12496,5.7,32797,6.4,15419,17378,12346,6.2,32115,6.5,15381,16735,11942,7.2,30235,7.0,14343,15892
"나주시",18592,-,56643,26480,30163,18195,-,51803,24013,27791,17954,4.9,53131,5.3,24900,28232,18916,5.5,54232,5.6,25398,28834,17070,-,45652,21953,23699,17612,4.7,47241,6.1,21699,25542,16104,4.5,41884,6.4,20169,21716,15920,5.5,40983,6.9,20206,20777,15661,5.7,39359,6.5,19212,20148,14732,-,36464,17197,19267,14959,6.9,36722,7.7,17244,19478,14625,7.0,36449,7.7,16686,19763,14440,7.5,35461,8.3,16396,19065,13237,7.6,31699,7.7,14752,16948
"여천시",1984,,7783,3759,-,1996,,6930,3292,-,-,,-,-,-,-,-,,-,-,-,-,-,,-,-,-,-,,-,-,-,-,-,,-,-,-,-,-,,-,-,-,-,-,,-,-,-,-,-,,-,-,-,-,,-,-,-,-,-,,-,-,-,-,-,,-,-,-,-,-,,-,-,-,-
"광양시",7856,-,27143,13007,14136,7540,-,24620,11651,12970,7183,5.7,23934,5.2,11253,12681,7345,7.8,22364,9.4,10683,11681,7229,-,21569,10517,11052,7591,6.6,22735,6.2,11112,11623,6477,2.8,18097,5.5,8774,9323,6139,4.0,16723,8.2,8018,8704,6365,5.2,17156,8.4,8341,8816,7155,-,19147,9200,9947,7136,5.3,18208,6.6,8681,9526,6968,6.9,18220,6.7,8510,9709,6669,7.4,17890,7.6,8447,9442,6794,7.8,17955,7.1,8416,9538
"동광양시",-,,-,-,-,-,,-,-,-,-,,-,-,-,-,-,,-,-,-,-,-,,-,-,-,-,,-,-,-,-,-,,-,-,-,-,-,,-,-,-,-,-,,-,-,-,-,-,,-,-,-,-,,-,-,-,-,-,,-,-,-,-,-,,-,-,-,-,-,,-,-,-,-
"담양군",9871,-,30239,14396,15843,9310,-,28389,14145,14244,9710,5.0,30294,7.1,14518,15776,9453,5.9,30265,8.3,14425,15841,10025,-,29989,14722,15267,9208,4.7,27020,7.1,12731,14288,9060,5.9,24447,5.0,11841,12606,9031,5.9,23755,5.7,11546,12208,8666,6.4,22131,6.0,10579,11553,7721,-,20174,9673,10501,7307,5.6,19267,6.1,9415,9852,7289,5.1,18774,5.7,9049,9725,7462,5.2,19112,6.1,9111,10001,7519,5.1,19104,5.3,9082,10022
"곡성군",8067,-,21905,9969,11937,7832,-,20626,9570,11056,7671,5.8,20229,7.3,9434,10795,7784,6.7,19556,8.0,9046,10510,7800,-,20191,9444,10747,7618,5.9,19072,7.9,8993,10080,7745,5.0,20416,5.4,9444,10972,7537,5.3,19470,6.0,8850,10620,7461,4.5,18839,5.7,8590,10250,6667,-,15690,7210,8480,6079,5.0,14865,5.7,6648,8217,6052,5.2,14441,5.2,6418,8024,5859,3.8,13593,4.9,5910,7683,5751,4.0,13239,4.4,5788,7451
"구례군",5723,-,16189,7415,8774,5680,-,15536,7083,8453,5595,11.0,15391,13.1,7301,8090,5500,6.6,15603,9.0,7389,8214,5220,-,13677,6384,7293,5462,7.6,14546,6.9,6892,7654,4587,5.0,11509,6.4,5387,6121,4465,5.0,11295,7.5,5326,5968,4318,4.2,10591,6.7,4918,5673,4375,-,10785,5052,5733,4180,5.3,9759,5.6,4518,5241,4036,4.7,9217,4.3,4205,5012,4035,4.9,9150,3.6,4120,5030,4041,4.9,8936,4.5,4087,4849
"고흥군",19010,-,50256,22926,27330,19024,-,49254,22567,26687,17944,5.8,44443,8.6,20241,24202,16869,6.0,41011,9.3,18584,22426,18025,-,42938,19997,22941,16626,5.4,38795,8.8,18531,20264,16126,5.9,37326,7.5,17485,19841,15900,5.3,37294,6.6,17322,19972,15439,5.0,35421,6.5,15998,19423,15320,-,34131,15635,18496,15481,7.2,35269,7.2,16105,19164,15706,7.0,35895,7.4,16219,19676,15345,7.6,34788,8.0,15685,19103,15187,7.6,34526,8.0,15669,18857
"보성군",11158,-,30785,14579,16206,11167,-,30778,14431,16347,10457,5.8,28519,7.2,13407,15112,9968,6.9,26631,8.0,12890,13740,10781,-,27491,12963,14528,9780,5.7,25345,5.9,12068,13277,9928,4.5,22792,5.9,10565,12227,9759,4.6,22582,5.4,10456,12126,9240,4.7,21210,5.9,9605,11605,9390,-,21666,10069,11597,9315,4.2,21651,6.1,10209,11442,9276,4.4,21398,6.0,10014,11384,9120,4.8,21007,6.4,9903,11104,9162,4.5,21218,5.7,9787,11431
"화순군",11013,-,29194,13587,15607,10867,-,29683,13433,16249,10026,6.6,27684,8.0,12726,14958,9935,5.8,27860,8.5,13237,14623,10016,-,24543,11352,13191,10005,6.0,24371,6.7,11028,13342,8787,3.5,19790,4.9,8794,10996,8621,3.2,20549,5.9,9172,11377,8145,5.0,19028,5.8,8362,10667,9956,-,22669,10339,12330,8995,6.0,20549,6.7,9424,11125,8341,5.9,19280,7.5,8650,10630,7877,6.3,18605,7.6,8423,10182,7763,6.5,18329,8.0,8203,10125
"장흥군",10428,-,29451,13545,15906,10271,-,27234,12954,14280,9731,4.5,25898,6.4,12282,13616,9208,5.9,24437,8.3,11629,12809,9794,-,25125,11640,13485,8952,8.1,21801,9.4,10077,11724,7879,6.7,19175,7.1,8897,10278,7544,7.1,18582,7.7,8724,9858,7324,7.5,17869,7.9,8396,9472,7796,-,18466,8552,9914,7873,4.9,17999,5.5,8297,9702,7439,4.8,16638,5.2,7647,8991,7214,5.2,16128,5.1,7357,8771,6957,6.1,16021,4.9,7380,8642
"강진군",9188,-,23693,10882,12811,9097,-,25207,11814,13393,8530,7.4,22967,5.3,10735,12233,8557,5.2,23913,4.9,11495,12418,9219,-,22386,10324,12062,8871,4.4,22185,4.2,10480,11705,7582,8.9,17328,8.1,7873,9455,7457,8.6,16945,6.2,7802,9143,7406,9.8,16509,7.1,7445,9065,7665,-,17362,7987,9375,7514,6.0,16031,4.6,7445,8587,7268,6.3,15597,5.5,7250,8347,7268,6.9,15021,6.1,6896,8124,6762,6.7,14580,5.8,6761,7819
"해남군",17425,-,46515,22101,24414,17302,-,46386,21727,24660,15966,4.8,41756,8.0,19420,22336,15727,7.4,39996,8.4,18497,21499,16440,-,41890,19877,22013,18475,6.0,45322,6.4,20761,24561,15862,4.7,38616,6.3,17826,20790,16114,4.9,40238,6.5,18757,21481,15699,5.4,38776,5.7,17836,20940,14904,-,34180,15897,18283,13306,6.4,29895,8.6,13420,16475,13209,6.4,29648,8.0,13442,16205,12678,5.6,28406,6.5,12985,15421,12119,5.5,25976,6.2,11713,14263
"영암군",12698,-,33597,15914,17683,12551,-,35159,15854,19305,12049,4.0,34680,3.8,15769,18911,11366,5.3,31378,7.9,14554,16824,11399,-,29684,13975,15709,10934,6.2,27376,5.8,12988,14387,9990,4.5,23880,6.8,10944,12936,9769,5.4,22893,7.0,10728,12164,9926,4.9,23195,7.4,10790,12406,9848,-,24123,11470,12653,9137,5.1,21340,6.3,9892,11448,9168,4.8,21386,5.4,9813,11573,9140,5.1,21535,5.9,9947,11589,8988,5.3,20980,6.0,9574,11406
"무안군",13611,-,40217,19219,20997,13398,-,38413,17936,20477,13087,5.9,39002,7.6,18221,20782,13225,5.6,40484,6.6,19349,21134,11967,-,32252,15457,16795,12882,4.3,36829,7.5,17753,19077,11201,4.2,27834,4.6,12903,14931,11245,5.1,28609,5.7,13451,15158,10730,5.0,27340,5.3,12905,14435,10325,-,26048,12417,13631,10881,5.0,27357,5.5,13071,14286,10798,6.3,27530,6.2,13244,14286,10186,6.9,26254,7.0,12517,13736,10332,7.0,25918,6.9,12336,13582
"함평군",10210,-,27918,13031,14887,9979,-,26064,12231,13833,9490,5.4,24964,4.9,11506,13458,8877,6.2,21982,6.6,10056,11925,9554,-,23414,11078,12336,8889,6.5,21511,4.9,9637,11874,8337,4.8,20489,4.5,9505,10985,8258,6.9,19933,5.6,9278,10655,7921,5.9,19064,5.2,8841,10223,7680,-,18236,8602,9634,7612,4.6,18031,6.7,8381,9651,7177,5.2,17470,7.1,8236,9233,6981,5.5,16633,7.5,7754,8879,6967,4.2,16262,5.1,7481,8781
"영광군",11137,-,31908,14645,17263,10801,-,28949,13246,15703,10056,5.6,26908,6.1,12900,14008,9976,4.9,26064,6.3,12382,13682,10088,-,25484,11985,13499,9641,3.9,24252,5.3,11487,12765,9624,5.1,23842,7.0,11602,12240,9345,5.2,23205,6.6,11392,11813,9089,5.0,22307,5.8,10543,11764,9354,-,22765,10858,11907,8549,4.0,18421,4.8,8232,10188,8072,4.3,17669,5.3,8183,9486,7665,5.2,17056,6.7,7905,9150,7551,5.0,16559,5.9,7717,8842
"장성군",8794,-,25941,12593,13348,8661,-,24679,11448,13232,8499,6.3,25945,6.0,12240,13705,8775,4.9,26703,6.6,12621,14082,9155,-,24651,11753,12898,8508,5.4,22777,6.4,10388,12389,8081,6.4,21462,7.5,10142,11320,7788,6.3,20495,6.6,9694,10801,7761,6.4,19690,7.7,9322,10369,7266,-,18168,8779,9389,6761,8.4,16297,8.8,7864,8433,6548,7.5,15752,8.0,7566,8186,6215,8.2,15334,9.1,7379,7955,5970,7.8,14301,8.5,6691,7610
"완도군",10267,-,28859,13442,15417,9923,-,27372,12455,14917,9197,5.7,25106,6.1,11547,13559,9594,6.2,24070,6.4,11236,12834,8966,-,22287,10594,11693,8393,8.2,20821,8.7,9790,11031,7548,7.0,18586,7.4,8681,9905,7026,8.5,17490,8.7,8397,9093,6744,9.4,16620,9.3,7882,8738,6481,-,14845,6979,7866,6813,7.0,14423,6.1,6561,7862,6844,7.1,14497,6.5,6517,7980,6790,7.2,14099,6.5,6325,7774,6746,7.0,14226,6.8,6414,7812
"진도군",9593,-,25509,11247,14263,9038,-,23071,10452,12619,8980,6.5,22701,8.0,10441,12259,8973,7.5,22960,8.1,10574,12386,8300,-,20328,9445,10883,8277,7.3,20074,8.4,9091,10983,7579,6.1,17672,8.1,8015,9657,7324,5.6,17178,7.2,7824,9354,7136,5.6,16373,6.5,7391,8982,6998,-,15585,7116,8469,7006,4.0,15671,5.3,7372,8299,6775,3.9,15395,5.7,7150,8244,6836,3.7,15124,6.4,6836,8289,6478,3.6,14867,6.3,6857,8010
"신안군",12219,-,32596,15577,17019,11922,-,30750,14548,16202,12194,5.0,31145,3.5,14889,16255,11067,5.3,25907,3.4,11792,14116,13119,-,31068,14767,16301,11962,3.2,27446,1.8,12233,15213,10587,8.6,24455,10.8,11248,13207,10026,6.9,23141,9.5,10833,12308,9730,7.7,22207,11.2,10316,11892,10017,-,22569,10726,11843,9715,8.0,20917,10.2,9811,11107,9738,7.1,21729,11.0,10291,11438,9456,9.4,21882,13.8,10489,11393,9023,10.5,20898,14.9,9850,11048
"여천군",10302,,32493,15202,-,9690,,26966,12250,-,-,,-,-,-,-,-,,-,-,-,-,-,,-,-,-,-,,-,-,-,-,-,,-,-,-,-,-,,-,-,-,-,-,,-,-,-,-,-,,-,-,-,-,,-,-,-,-,-,,-,-,-,-,-,,-,-,-,-,-,,-,-,-,-
"광양군",-,,-,-,-,-,,-,-,-,-,,-,-,-,-,-,,-,-,-,-,-,,-,-,-,-,,-,-,-,-,-,,-,-,-,-,-,,-,-,-,-,-,,-,-,-,-,-,,-,-,-,-,,-,-,-,-,-,,-,-,-,-,-,,-,-,-,-,-,,-,-,-,-
"승주군",-,,-,-,-,-,,-,-,-,-,,-,-,-,-,-,,-,-,-,-,-,,-,-,-,-,,-,-,-,-,-,,-,-,-,-,-,,-,-,-,-,-,,-,-,-,-,-,,-,-,-,-,,-,-,-,-,-,,-,-,-,-,-,,-,-,-,-,-,,-,-,-,-
"나주군",-,,-,-,-,-,,-,-,-,-,,-,-,-,-,-,,-,-,-,-,-,,-,-,-,-,,-,-,-,-,-,,-,-,-,-,-,,-,-,-,-,-,,-,-,-,-,-,,-,-,-,-,,-,-,-,-,-,,-,-,-,-,-,,-,-,-,-,-,,-,-,-,-
"포항시",15566,-,48394,23180,25214,14575,-,44382,21935,22447,14920,6.4,45386,6.9,22579,22806,13297,8.2,38508,8.4,19132,19376,13794,-,38713,19027,19686,12518,8.0,33951,8.6,16776,17175,12940,4.7,32531,5.6,15784,16747,13328,4.8,33110,5.3,15807,17302,13078,5.2,32166,5.3,15418,16748,13465,-,35677,17493,18184,13393,6.4,34144,6.9,16465,17679,12941,6.1,32667,6.3,15746,16921,12492,6.5,30377,6.8,14565,15812,12398,6.7,30338,7.1,14528,15809
"경주시",21372,-,66517,31302,35215,20160,-,65710,31260,34450,20900,4.9,68854,5.6,33271,35583,20539,5.2,67334,6.1,32807,34527,20135,-,57278,27966,29312,18511,6.7,56593,7.2,27545,29048,19061,5.9,52938,5.8,25795,27144,18953,6.1,51333,5.8,24791,26542,18947,5.7,50309,5.2,24520,25789,18282,-,47541,23059,24482,14963,5.9,37961,7.9,18454,19507,14611,6.2,36864,7.5,17886,18978,14807,6.1,37083,7.2,17865,19218,14175,6.7,34441,7.6,16882,17559
"김천시",16090,-,50199,24443,25756,16025,-,52274,25062,27213,16512,6.6,53103,7.6,25466,27637,16900,7.2,51450,9.6,24822,26628,15803,-,47825,23366,24459,15746,6.7,44470,8.9,21031,23439,14202,7.0,40258,7.1,20288,19970,14435,8.1,40479,7.8,19425,21054,14186,7.2,37593,7.9,17834,19759,15438,-,41060,19799,21261,14388,4.7,34638,6.9,15773,18865,14297,4.4,33520,6.5,15172,18348,13841,4.5,32567,5.7,14545,18023,13667,4.6,31471,5.1,13911,17561
"안동시",18044,-,49524,23629,25895,17688,-,51242,24327,26915,18456,5.9,52327,5.6,25527,26800,18050,7.3,51462,6.6,25146,26316,17552,-,46581,22756,23825,16718,6.7,46036,6.2,22383,23652,16923,8.1,44104,8.5,22252,21853,16449,7.6,41900,7.7,20778,21122,15914,8.6,39558,8.7,19812,19745,16332,-,40408,19723,20685,15906,6.5,38210,6.3,18039,20172,16357,6.5,39248,6.5,18176,21072,15484,6.6,36694,7.4,17226,19468,15254,6.3,35625,7.0,16670,18955
"구미시",9856,-,32773,15708,17066,9531,-,31031,15240,15791,9446,5.7,30639,6.7,15011,15628,8916,5.9,29266,6.3,14257,15009,9292,-,28911,14241,14670,9551,5.0,29832,5.6,14393,15439,9060,4.0,26216,4.9,12624,13592,9348,3.9,27008,5.1,13054,13953,9289,3.9,26189,5.1,12612,13577,8936,-,25739,12777,12962,9230,6.6,26901,7.9,13402,13499,9117,6.8,26600,8.6,12995,13605,8938,6.1,25661,7.8,12377,13284,8887,6.7,25662,8.4,12197,13465
"영주시",11095,-,33367,16322,17045,10856,-,35165,17679,17485,9680,5.6,31327,5.3,15630,15697,9128,7.3,27504,8.2,13669,13835,10242,-,29460,14680,14780,9734,5.8,27521,6.3,13485,14036,9822,5.3,27213,5.7,13390,13822,9508,5.5,26189,5.6,12857,13332,9918,4.7,26927,4.6,13215,13712,9932,-,26115,13009,13106,9374,6.9,23197,7.7,11246,11952,9124,7.6,22590,8.2,10994,11595,9008,7.7,22081,8.4,10731,11350,8869,7.5,22030,8.0,10886,11144
"영천시",15255,-,44826,21275,23552,14631,-,41415,20318,21098,15006,6.3,44875,8.0,22097,22779,16240,6.3,48756,7.2,23970,24785,14496,-,38941,19041,19900,15118,5.9,41368,7.0,20217,21150,13949,4.8,35969,4.5,17488,18481,14140,5.0,36707,3.9,17905,18803,13463,4.6,34015,4.1,16574,17441,13949,-,34505,16790,17715,13216,5.5,31949,6.2,15817,16132,12997,5.7,31107,5.8,14973,16134,13275,4.7,31090,5.7,14945,16145,13158,5.1,30770,5.9,14806,15965
"상주시",21852,-,62093,29131,32963,21077,-,58655,27838,30817,19966,5.5,56233,5.5,26495,29738,19035,6.3,53427,6.7,25187,28240,20951,-,55920,27004,28916,18810,5.0,48934,4.9,22614,26321,18040,7.2,46762,9.3,22029,24733,18004,6.8,45965,9.5,21654,24312,17187,6.9,43013,9.7,20139,22874,17987,-,44418,21294,23124,17943,5.9,42792,6.3,20720,22072,17972,6.4,43326,6.8,21064,22262,18267,6.8,43988,7.6,20975,23013,17839,7.1,42130,7.3,19838,22292
"문경시",10184,-,31162,15241,15922,10028,-,28551,13620,14930,9190,6.3,25379,7.3,12106,13273,9008,7.0,24093,7.9,11329,12763,9889,-,27953,13691,14262,9273,6.6,24519,7.6,11807,12712,8991,6.9,23061,6.8,11540,11521,9188,7.5,23093,7.5,11258,11835,8946,7.2,22093,7.7,10871,11222,8743,-,21595,10415,11180,8764,5.8,20979,5.7,10081,10898,8945,6.4,21084,5.7,10310,10774,9046,6.5,20779,6.1,10103,10676,8549,7.3,19532,7.2,9443,10089
"경산시",10785,-,35384,16921,18463,10143,-,32843,15790,17053,9985,5.3,33762,5.3,16422,17340,9963,5.8,32631,5.6,15936,16695,9332,-,29407,14522,14885,9278,5.6,28923,5.9,14309,14614,8887,6.0,26502,6.2,13000,13503,8599,5.7,25420,5.5,12430,12991,8644,5.5,24989,5.6,12229,12760,8891,-,25756,12808,12948,7662,5.7,20878,6.1,10274,10603,7691,6.1,20923,6.5,10400,10522,7784,6.2,20706,7.0,10170,10536,7838,5.9,20786,6.5,10109,10677
"의성군",17287,-,45971,22088,23882,16906,-,45939,21975,23964,18528,11.6,50330,12.1,24233,26097,17622,5.8,47552,7.0,23353,24200,16088,-,39286,18787,20499,15187,5.3,38202,7.4,19037,19164,14162,7.9,33191,8.4,16082,17108,13548,8.1,31424,9.0,15340,16084,13434,7.4,29678,8.9,13954,15724,13890,-,31271,14884,16387,13587,6.0,28190,5.6,13710,14480,13199,5.9,27906,5.3,13489,14417,12907,6.1,26889,6.5,12904,13985,12488,5.7,26214,6.0,12862,13353
"청송군",6446,-,19095,9163,9932,6330,-,17653,8592,9061,6421,6.5,17372,8.0,8520,8852,6338,6.6,16515,9.3,7940,8575,5798,-,14555,7078,7477,6020,6.8,15368,9.1,7424,7944,5650,3.9,13747,3.7,6683,7065,5588,3.8,13702,4.7,6523,7179,5617,4.0,13603,5.2,6523,7080,5183,-,12159,5925,6234,4930,6.7,11356,7.5,5469,5888,5231,7.4,12156,7.8,5821,6335,5130,8.0,11971,7.1,5804,6167,5019,8.9,11572,7.1,5607,5965
"영양군",4614,-,13736,6911,6825,4410,-,11656,5363,6293,4019,8.4,11534,8.6,5472,6062,4109,9.3,10821,10.2,5448,5373,4108,-,10278,5034,5244,3769,5.0,9235,3.1,4470,4765,3731,6.3,9410,5.5,4446,4965,3889,6.9,9579,5.4,4542,5037,3821,7.5,9029,7.9,4229,4800,3730,-,8602,4192,4410,3606,6.6,8125,7.6,4092,4034,3662,5.7,8384,7.4,4154,4230,3547,6.5,8150,7.9,4072,4079,3538,6.5,8048,6.5,3968,4080
"영덕군",7839,-,20836,9609,11227,7574,-,19143,8983,10160,7379,6.0,18160,6.4,8717,9443,6609,7.2,16357,5.8,7543,8814,6504,-,15826,7487,8339,6059,9.6,14325,9.7,6812,7514,5738,8.3,13612,8.0,6167,7444,5879,7.5,13723,7.7,6250,7473,5777,7.0,13444,6.0,6254,7190,5887,-,13105,6210,6895,5297,6.1,11474,5.8,5545,5929,5130,7.6,11135,6.8,5224,5910,4974,7.7,10932,7.0,5179,5754,4879,7.7,10695,6.4,5246,5449
"청도군",10537,-,28808,13036,15771,10132,-,29549,13954,15595,9735,7.2,27648,8.7,13289,14359,10016,7.7,27102,8.5,13377,13725,9717,-,25898,12355,13543,9942,5.0,25832,5.3,11985,13847,9556,4.9,23489,5.6,10899,12591,9193,5.2,22203,6.0,10321,11883,8981,6.0,21460,7.3,9928,11533,8051,-,18988,9050,9938,8048,5.1,18468,7.6,8486,9982,8430,6.6,19023,7.3,8728,10295,8555,5.9,19104,6.5,8837,10267,8423,6.6,18465,7.1,8451,10015
"고령군",6023,-,17720,8505,9216,5937,-,17396,8422,8974,5416,5.4,15252,3.8,7307,7945,6002,6.8,15527,3.6,7311,8216,5749,-,15222,7438,7784,5272,9.7,13580,10.5,6437,7143,4995,5.0,13128,5.0,6033,7095,4811,3.2,12699,6.4,5965,6734,4621,3.9,12297,7.3,5888,6409,5017,-,12317,5956,6361,4861,8.8,11879,11.9,5819,6059,5107,6.5,12782,9.1,6150,6631,5127,8.8,12517,9.4,5857,6660,5025,9.3,11922,9.7,5646,6276
"성주군",10327,-,32186,15755,16431,10008,-,31827,15475,16351,10353,6.7,31304,8.3,15418,15886,9755,5.4,29371,6.9,14898,14472,9222,-,25457,12661,12796,8955,5.6,25700,7.8,12542,13158,8023,8.0,22014,12.2,10679,11335,7777,8.4,20569,11.4,9979,10590,7486,8.7,19787,11.6,9378,10409,7885,-,20501,10123,10378,9055,5.6,24157,7.5,11990,12167,8995,4.0,23606,6.6,11626,11980,8949,4.7,23004,6.8,11189,11815,9083,4.8,22695,6.6,11048,11647
"칠곡군",6547,-,22374,11145,11229,6379,-,22492,11322,11170,6129,5.9,20664,6.8,10267,10397,5668,7.5,17344,9.7,8768,8576,5649,-,17470,8765,8705,5314,5.7,16486,7.2,8119,8367,4885,5.7,14760,5.7,7284,7475,4908,6.1,14533,7.3,7107,7426,4801,6.8,14010,8.6,6819,7190,5423,-,15416,7782,7634,5132,5.0,13859,5.9,7015,6844,5262,4.6,14748,6.0,7607,7141,5474,5.5,14981,5.9,7785,7195,5421,5.9,14486,6.7,7554,6932
"예천군",12630,-,36766,17446,19320,12058,-,35290,16561,18729,11811,4.9,34793,4.4,16506,18288,12271,4.7,34242,5.0,16243,17998,11191,-,28933,13951,14982,11131,4.9,29789,5.3,14051,15738,10658,6.0,25833,8.1,12075,13758,10576,5.9,25803,7.4,11922,13881,10453,6.6,24755,8.3,11649,13106,9843,-,23344,11164,12180,8964,6.3,22340,8.1,10692,11648,9291,5.9,22908,8.1,11085,11824,9201,5.9,22772,7.9,11024,11748,9545,7.9,24146,9.7,11487,12659
"봉화군",8356,-,24835,11997,12838,7815,-,21263,9969,11294,7377,6.1,19721,5.8,9325,10396,6923,5.8,18230,5.0,8935,9295,7203,-,18817,9167,9650,6894,5.2,17538,6.2,8543,8995,6354,4.5,15493,4.4,7664,7829,6566,4.8,16212,6.4,7987,8225,6493,5.5,16061,7.4,7745,8315,7165,-,16833,8152,8681,6597,4.6,14762,5.8,7269,7493,6036,4.6,14380,4.5,7098,7282,5863,5.1,14276,5.7,7024,7251,5926,5.1,14773,5.8,7152,7621
"울진군",7050,-,18680,8914,9767,6702,-,17648,8172,9476,6664,7.5,18347,8.7,8808,9539,6434,6.4,18419,8.0,9027,9392,6261,-,16032,7676,8356,6652,6.5,17658,8.0,8614,9044,5792,7.6,14178,7.5,6976,7202,5562,7.8,13430,7.4,6752,6678,5255,8.6,12519,8.2,6102,6417,5263,-,12456,5910,6546,4542,7.3,11054,10.1,5373,5681,4871,10.0,11961,11.2,5709,6252,4892,9.6,11717,9.9,5643,6074,4791,9.9,11272,11.1,5443,5828
"울릉군",813,-,2049,1025,1025,747,-,1930,964,966,704,5.9,1844,6.2,914,930,629,8.5,1697,9.9,816,881,571,-,1430,711,719,499,6.9,1241,6.8,614,627,518,5.7,1319,5.3,652,667,497,2.9,1234,6.8,619,615,499,5.4,1222,7.0,601,622,600,-,1312,655,657,610,8.9,1371,7.3,713,658,585,9.1,1331,7.0,673,658,574,11.2,1281,10.9,653,629,564,10.8,1225,10.2,615,610
"달성군",-,,-,-,-,-,,-,-,-,-,,-,-,-,-,-,,-,-,-,-,-,,-,-,-,-,,-,-,-,-,-,,-,-,-,-,-,,-,-,-,-,-,,-,-,-,-,-,,-,-,-,-,,-,-,-,-,-,,-,-,-,-,-,,-,-,-,-,-,,-,-,-,-
"경주군",-,,-,-,-,-,,-,-,-,-,,-,-,-,-,-,,-,-,-,-,-,,-,-,-,-,,-,-,-,-,-,,-,-,-,-,-,,-,-,-,-,-,,-,-,-,-,-,,-,-,-,-,,-,-,-,-,-,,-,-,-,-,-,,-,-,-,-,-,,-,-,-,-
"영천군",-,,-,-,-,-,,-,-,-,-,,-,-,-,-,-,,-,-,-,-,-,,-,-,-,-,,-,-,-,-,-,,-,-,-,-,-,,-,-,-,-,-,,-,-,-,-,-,,-,-,-,-,,-,-,-,-,-,,-,-,-,-,-,,-,-,-,-,-,,-,-,-,-
"경산군",-,,-,-,-,-,,-,-,-,-,,-,-,-,-,-,,-,-,-,-,-,,-,-,-,-,,-,-,-,-,-,,-,-,-,-,-,,-,-,-,-,-,,-,-,-,-,-,,-,-,-,-,,-,-,-,-,-,,-,-,-,-,-,,-,-,-,-,-,,-,-,-,-
"선산군",-,,-,-,-,-,,-,-,-,-,,-,-,-,-,-,,-,-,-,-,-,,-,-,-,-,,-,-,-,-,-,,-,-,-,-,-,,-,-,-,-,-,,-,-,-,-,-,,-,-,-,-,,-,-,-,-,-,,-,-,-,-,-,,-,-,-,-,-,,-,-,-,-
"상주군",-,,-,-,-,-,,-,-,-,-,,-,-,-,-,-,,-,-,-,-,-,,-,-,-,-,,-,-,-,-,-,,-,-,-,-,-,,-,-,-,-,-,,-,-,-,-,-,,-,-,-,-,,-,-,-,-,-,,-,-,-,-,-,,-,-,-,-,-,,-,-,-,-
"문경군",-,,-,-,-,-,,-,-,-,-,,-,-,-,-,-,,-,-,-,-,-,,-,-,-,-,,-,-,-,-,-,,-,-,-,-,-,,-,-,-,-,-,,-,-,-,-,-,,-,-,-,-,,-,-,-,-,-,,-,-,-,-,-,,-,-,-,-,-,,-,-,-,-
"영풍군",-,,-,-,-,-,,-,-,-,-,,-,-,-,-,-,,-,-,-,-,-,,-,-,-,-,,-,-,-,-,-,,-,-,-,-,-,,-,-,-,-,-,,-,-,-,-,-,,-,-,-,-,,-,-,-,-,-,,-,-,-,-,-,,-,-,-,-,-,,-,-,-,-
"안동군",-,,-,-,-,-,,-,-,-,-,,-,-,-,-,-,,-,-,-,-,-,,-,-,-,-,,-,-,-,-,-,,-,-,-,-,-,,-,-,-,-,-,,-,-,-,-,-,,-,-,-,-,,-,-,-,-,-,,-,-,-,-,-,,-,-,-,-,-,,-,-,-,-
"영일군",-,,-,-,-,-,,-,-,-,-,,-,-,-,-,-,,-,-,-,-,-,,-,-,-,-,,-,-,-,-,-,,-,-,-,-,-,,-,-,-,-,-,,-,-,-,-,-,,-,-,-,-,,-,-,-,-,-,,-,-,-,-,-,,-,-,-,-,-,,-,-,-,-
"경상남도",197349,-,587604,277800,309804,179896,-,514637,240897,273740,173657,1.4,499552,1.6,236440,263112,169365,1.5,478237,1.7,226266,251970,170343,-,463855,221108,242747,165609,1.4,450877,1.5,212469,238408,158797,1.4,418068,1.5,198008,220060,154912,1.4,406333,1.6,191784,214549,150261,1.5,388206,1.7,183432,204774,156080,-,392926,186526,206400,153251,1.5,379794,1.7,178461,201333,148383,1.5,368240,1.7,173154,195087,143971,1.5,354291,1.8,166590,187701,140144,1.5,343591,1.8,161692,181899
"창원시",5596,-,18949,9197,9752,5437,-,17336,8336,9001,4823,6.5,15152,6.9,7527,7626,4619,7.6,14796,6.6,6898,7897,5177,-,16640,8141,8499,4490,7.3,13317,7.3,6375,6943,4663,5.6,14371,6.0,6920,7451,4914,6.3,15180,5.7,7444,7736,4855,7.0,14922,6.9,7373,7549,5165,-,15654,7755,7899,5599,9.3,17173,11.1,8729,8444,5652,10.4,17428,13.6,8864,8565,5291,9.9,16299,13.2,8268,8032,5238,9.8,16155,13.4,8017,8138
"마산시",4916,-,16480,8171,8309,4813,-,15571,7482,8089,4776,6.6,16093,6.1,7544,8549,4419,8.4,15106,8.2,7224,7882,4284,-,13239,6559,6680,4049,8.0,12638,8.6,6141,6498,3791,7.2,11377,7.9,5328,6049,3768,9.1,11088,9.6,5175,5913,3584,7.0,10420,8.2,4918,5502,4596,-,12967,6347,6620,4556,8.6,12154,10.7,5849,6305,4216,11.4,11411,12.8,5862,5550,3859,10.5,9840,11.1,4870,4970,3577,9.1,9318,10.0,4604,4714
"진주시",14901,-,49008,23860,25148,14661,-,46286,21524,24762,15114,6.3,46708,6.7,21885,24823,14291,5.6,41772,5.8,19950,21821,15202,-,45750,21898,23852,14064,5.2,41658,5.7,19636,22022,13394,4.1,40286,5.4,19553,20734,13327,4.3,38834,5.7,18633,20201,12827,5.1,37911,6.2,18063,19848,15342,-,43508,20982,22526,14725,6.1,41234,6.6,19443,21791,14286,6.2,39665,6.5,18503,21163,13732,6.1,37308,6.4,17669,19638,13317,5.9,35889,6.4,16987,18903
"진해시",1352,-,4641,2301,2341,1143,-,4112,1934,2178,1080,6.2,3880,6.2,1891,1989,1035,6.2,3546,6.8,1661,1886,1060,-,3393,1672,1721,936,6.5,3306,6.6,1629,1677,962,6.5,2674,6.0,1251,1423,930,10.0,2674,11.2,1259,1415,951,6.8,2813,7.8,1319,1493,1288,-,3755,1853,1902,1044,4.2,3082,8.5,1588,1495,956,7.9,2724,11.4,1450,1275,872,14.0,2382,14.5,1246,1136,822,12.8,2253,10.7,1196,1057
"통영시",6725,-,20789,9825,10963,6625,-,20142,9685,10457,6192,6.7,19491,9.4,9416,10075,5711,8.3,16464,12.6,8052,8412,5228,-,14125,6791,7334,5641,5.7,15484,8.1,7296,8188,4842,4.7,13890,5.2,6559,7331,4676,5.6,13491,6.9,6389,7102,4454,6.5,12748,7.5,6108,6640,4326,-,10648,5084,5564,4158,8.1,10950,7.2,5106,5844,3973,7.7,10463,6.8,4781,5683,3918,8.3,10353,7.7,4815,5538,3897,7.2,10537,6.7,4982,5555
"사천시",-,-,-,-,-,9811,-,29027,13238,15790,9461,5.0,28120,5.3,13171,14949,8681,5.8,25263,6.1,11830,13433,9058,-,25816,12323,13493,8694,5.7,25260,6.0,11774,13486,8808,5.9,24013,7.2,11657,12357,8484,5.4,22804,6.3,11003,11801,8275,5.9,21729,7.3,10365,11365,8359,-,21633,10272,11361,8058,5.8,20023,8.1,9529,10494,7626,5.8,19091,7.2,8998,10093,7209,5.8,17760,6.8,8455,9305,7063,6.0,17180,7.3,8268,8912
"김해시",9575,-,34876,16978,17898,9408,-,33021,15860,17161,9512,4.9,34393,5.1,16849,17544,9046,5.6,31775,6.2,15702,16073,8735,-,29249,14438,14811,8629,6.4,29806,7.6,14520,15285,8943,5.9,28600,7.1,14483,14117,8708,6.8,27624,8.1,13714,13910,8345,7.2,25912,8.6,13026,12886,8661,-,26486,13143,13343,8173,5.7,23936,6.7,12008,11929,7801,7.0,22725,6.9,10940,11784,7664,7.7,22155,7.4,10823,11332,7504,8.0,21589,7.4,10565,11023
"밀양시",14528,-,45194,21700,23494,14094,-,40787,18412,22375,13942,5.0,42089,4.4,19534,22555,13045,4.9,37243,5.8,17441,19802,13887,-,39299,19082,20217,13211,5.0,36651,6.4,16936,19714,12883,4.8,36622,5.1,17095,19527,12628,3.7,35479,4.3,16953,18526,12566,4.3,34561,4.7,16489,18071,12229,-,31574,15216,16358,11645,4.7,29900,5.2,14046,15854,11139,5.4,27747,5.7,13279,14468,11148,5.3,27744,5.7,13458,14286,10899,5.2,26543,5.9,13024,13519
"거제시",9504,-,28166,13455,14710,8821,-,25759,12052,13707,7927,6.3,23501,7.5,11140,12361,7395,6.8,21331,9.2,9767,11564,7281,-,20487,9855,10632,7772,6.6,22136,6.9,10389,11747,6866,4.7,18065,5.8,8495,9570,6466,5.9,17045,6.8,7967,9078,6113,6.1,15931,7.3,7383,8548,6490,-,17751,8587,9164,6966,7.3,18387,6.5,8815,9573,6576,7.1,17379,7.0,8071,9309,6561,7.0,16808,7.5,7732,9076,6324,6.8,15989,7.2,7363,8626
"양산시",-,-,-,-,-,3994,-,14777,6954,7823,3908,9.0,13795,11.3,6680,7115,3772,13.0,12023,16.9,5941,6082,3627,-,12112,5986,6126,3858,8.0,12348,9.4,6207,6140,3421,7.7,11612,9.8,5630,5981,3470,9.3,11480,12.6,5522,5958,3482,9.5,11238,13.7,5375,5863,3227,-,9843,4843,5000,3230,6.3,9402,7.1,4680,4722,3363,5.1,9977,6.2,4906,5071,3345,6.6,9413,6.2,4486,4928,3152,8.0,8511,7.5,4113,4398
"울산시",11621,,40696,20018,-,-,,-,-,-,-,,-,-,-,-,-,,-,-,-,-,-,,-,-,-,-,,-,-,-,-,-,,-,-,-,-,-,,-,-,-,-,-,,-,-,-,-,-,,-,-,-,-,,-,-,-,-,-,,-,-,-,-,-,,-,-,-,-,-,,-,-,-,-
"삼천포시",9967,,29873,13581,-,-,,-,-,-,-,,-,-,-,-,-,,-,-,-,-,-,,-,-,-,-,,-,-,-,-,-,,-,-,-,-,-,,-,-,-,-,-,,-,-,-,-,-,,-,-,-,-,,-,-,-,-,-,,-,-,-,-,-,,-,-,-,-,-,,-,-,-,-
"충무시",-,,-,-,-,-,,-,-,-,-,,-,-,-,-,-,,-,-,-,-,-,,-,-,-,-,,-,-,-,-,-,,-,-,-,-,-,,-,-,-,-,-,,-,-,-,-,-,,-,-,-,-,,-,-,-,-,-,,-,-,-,-,-,,-,-,-,-,-,,-,-,-,-
"장승포시",-,,-,-,-,-,,-,-,-,-,,-,-,-,-,-,,-,-,-,-,-,,-,-,-,-,,-,-,-,-,-,,-,-,-,-,-,,-,-,-,-,-,,-,-,-,-,-,,-,-,-,-,,-,-,-,-,-,,-,-,-,-,-,,-,-,-,-,-,,-,-,-,-
"의령군",7715,-,19886,9193,10694,7360,-,19141,9024,10117,6880,5.6,17937,6.5,8601,9336,7456,7.8,19585,6.0,9634,9951,7148,-,16686,7730,8956,7062,7.3,17411,7.2,8281,9129,6308,5.2,14444,6.8,6405,8039,6228,10.7,14235,11.7,6488,7746,6125,10.8,13515,11.3,6083,7432,6227,-,13357,6102,7255,5761,8.4,12538,10.3,5652,6887,5396,7.4,11807,9.6,5339,6469,5073,6.2,11320,8.7,5229,6091,4744,6.6,10787,10.2,4942,5845
"함안군",9553,-,27626,12833,14793,9432,-,26915,12863,14053,9629,4.8,24871,4.4,12048,12823,9248,4.1,24027,5.0,11520,12507,9061,-,24194,11660,12534,9059,2.3,22647,3.8,10858,11789,8587,4.3,22105,5.1,10342,11762,8407,4.3,21441,4.8,10101,11339,7926,4.7,19692,4.9,9344,10349,8014,-,19244,9162,10082,7925,7.3,18585,7.0,8851,9734,7612,7.1,18065,7.3,8659,9406,7012,8.4,16971,8.1,8052,8919,6493,7.6,15581,8.2,7543,8037
"창녕군",11714,-,30287,14119,16168,11383,-,29619,14197,15423,10567,7.4,28222,7.8,13616,14606,10737,8.7,30516,7.6,14306,16210,10881,-,27064,12950,14114,11070,8.0,30160,6.9,13917,16243,10378,6.4,25325,6.0,12238,13087,10094,6.8,24384,6.4,11769,12615,10071,6.4,23392,6.0,11295,12097,10764,-,23892,11122,12770,10798,5.2,24108,5.6,11353,12755,10294,5.4,23768,5.8,11251,12517,10123,5.3,23064,6.1,11028,12036,9634,5.2,21484,6.0,10125,11359
"고성군",10724,-,28685,13164,15521,10477,-,28143,13075,15068,10016,6.3,27064,8.1,13179,13886,9547,6.5,25264,8.9,12074,13191,9418,-,24080,11267,12813,9635,5.2,25401,6.2,12155,13246,8979,5.1,20235,6.0,9155,11080,8821,6.3,20198,6.9,9140,11057,8639,6.6,19794,7.1,8878,10916,8277,-,19295,8903,10392,6897,7.9,15287,5.0,6878,8409,6661,8.0,15118,5.6,6950,8168,6359,8.4,14797,6.8,6949,7848,6336,8.4,14751,6.5,6886,7866
"남해군",11948,-,33202,15054,18148,11654,-,31254,14062,17192,11307,8.3,29360,8.2,13378,15982,11568,5.5,29318,7.0,13403,15915,10622,-,26446,11987,14459,10348,4.9,25935,5.1,12283,13653,9928,4.0,23115,6.7,10417,12697,9559,4.8,22091,5.2,9838,12252,9237,5.6,20400,6.4,9034,11367,9242,-,21161,9548,11613,9602,6.8,20961,6.2,8968,11993,9300,7.9,20559,7.6,9009,11550,9020,7.5,19883,7.0,8538,11345,8736,7.2,18875,6.9,8122,10753
"하동군",10192,-,28545,13125,15420,9993,-,26838,12545,14293,9599,4.8,25375,8.1,11714,13660,9402,6.5,25672,8.4,12119,13553,9774,-,26247,12440,13807,9186,6.3,23247,6.9,10815,12432,9131,4.7,22798,5.2,11075,11723,8866,5.1,22333,5.6,10773,11560,8628,5.5,21061,6.9,9963,11098,8646,-,21242,9993,11249,7572,6.1,18790,8.0,9087,9703,7365,6.4,18348,9.3,8810,9538,7252,7.2,18001,9.9,8484,9517,7169,6.2,17495,7.9,8276,9219
"산청군",8605,-,24513,11238,13275,8441,-,22718,10701,12017,8510,4.7,22667,5.1,10683,11984,8951,4.9,24074,7.5,11272,12802,8426,-,21750,10225,11525,8396,5.4,21025,6.8,9538,11487,7842,7.2,18397,7.5,8530,9867,7414,7.5,17307,7.1,7854,9453,7062,8.1,16053,7.7,7517,8535,7219,-,16877,7934,8943,7756,4.8,18299,7.3,8242,10057,7342,4.3,17127,5.2,7888,9239,7087,5.7,16283,6.5,7463,8820,7036,7.1,16247,7.8,7470,8777
"함양군",9909,-,28025,12951,15074,9741,-,26535,12421,14113,9090,4.5,24881,3.3,11724,13157,9013,4.3,24142,4.1,11347,12795,9129,-,22492,10486,12006,8314,4.4,20340,3.8,9553,10787,8217,5.7,18758,6.0,8555,10203,7944,6.2,18871,8.6,8804,10067,7537,6.7,17871,9.1,8416,9454,7817,-,17972,8263,9709,8071,6.5,17850,8.4,8176,9674,7952,5.1,17797,7.3,8235,9562,7938,4.7,17665,6.7,8080,9585,7968,4.6,17751,6.4,8029,9723
"거창군",10410,-,27532,12974,14558,10104,-,26038,12169,13869,9501,4.8,26873,4.3,12605,14268,9377,3.5,26268,4.5,12311,13957,10396,-,26764,12626,14138,9258,4.5,24553,4.8,11111,13442,9601,6.9,25303,7.8,12021,13282,9183,8.1,24119,9.1,11266,12854,8859,8.5,23743,10.1,11324,12419,9607,-,22644,10640,12004,9226,4.0,21679,4.7,9836,11843,9154,3.7,20996,4.7,9328,11668,9144,4.3,21243,5.6,9394,11849,9456,4.7,22086,5.5,9867,12219
"합천군",12800,-,31135,14532,16602,12502,-,30616,14362,16254,11822,7.2,29077,8.2,13253,15824,12052,8.8,30052,9.0,13813,16239,11949,-,28022,12992,15030,11937,5.6,27555,5.7,13053,14502,11252,8.3,26079,7.2,12298,13781,11026,6.3,25655,5.4,11690,13965,10727,6.6,24502,5.7,11159,13342,10584,-,23423,10777,12646,11490,4.6,25455,5.9,11626,13829,11716,4.9,26045,6.8,12033,14012,11362,3.8,25003,7.3,11552,13451,10780,6.1,24571,9.6,11315,13256
"양산군",5092,,19495,9531,-,-,,-,-,-,-,,-,-,-,-,-,,-,-,-,-,-,,-,-,-,-,,-,-,-,-,-,,-,-,-,-,-,,-,-,-,-,-,,-,-,-,-,-,,-,-,-,-,,-,-,-,-,-,,-,-,-,-,-,,-,-,-,-,-,,-,-,-,-
"진양군",-,,-,-,-,-,,-,-,-,-,,-,-,-,-,-,,-,-,-,-,-,,-,-,-,-,,-,-,-,-,-,,-,-,-,-,-,,-,-,-,-,-,,-,-,-,-,-,,-,-,-,-,,-,-,-,-,-,,-,-,-,-,-,,-,-,-,-,-,,-,-,-,-
"밀양군",-,,-,-,-,-,,-,-,-,-,,-,-,-,-,-,,-,-,-,-,-,,-,-,-,-,,-,-,-,-,-,,-,-,-,-,-,,-,-,-,-,-,,-,-,-,-,-,,-,-,-,-,,-,-,-,-,-,,-,-,-,-,-,,-,-,-,-,-,,-,-,-,-
"울산군",-,,-,-,-,-,,-,-,-,-,,-,-,-,-,-,,-,-,-,-,-,,-,-,-,-,,-,-,-,-,-,,-,-,-,-,-,,-,-,-,-,-,,-,-,-,-,-,,-,-,-,-,,-,-,-,-,-,,-,-,-,-,-,,-,-,-,-,-,,-,-,-,-
"김해군",-,,-,-,-,-,,-,-,-,-,,-,-,-,-,-,,-,-,-,-,-,,-,-,-,-,,-,-,-,-,-,,-,-,-,-,-,,-,-,-,-,-,,-,-,-,-,-,,-,-,-,-,,-,-,-,-,-,,-,-,-,-,-,,-,-,-,-,-,,-,-,-,-
"창원군",-,,-,-,-,-,,-,-,-,-,,-,-,-,-,-,,-,-,-,-,-,,-,-,-,-,,-,-,-,-,-,,-,-,-,-,-,,-,-,-,-,-,,-,-,-,-,-,,-,-,-,-,,-,-,-,-,-,,-,-,-,-,-,,-,-,-,-,-,,-,-,-,-
"통영군",-,,-,-,-,-,,-,-,-,-,,-,-,-,-,-,,-,-,-,-,-,,-,-,-,-,,-,-,-,-,-,,-,-,-,-,-,,-,-,-,-,-,,-,-,-,-,-,,-,-,-,-,,-,-,-,-,-,,-,-,-,-,-,,-,-,-,-,-,,-,-,-,-
"거제군",-,,-,-,-,-,,-,-,-,-,,-,-,-,-,-,,-,-,-,-,-,,-,-,-,-,,-,-,-,-,-,,-,-,-,-,-,,-,-,-,-,-,,-,-,-,-,-,,-,-,-,-,,-,-,-,-,-,,-,-,-,-,-,,-,-,-,-,-,,-,-,-,-
"사천군",-,,-,-,-,-,,-,-,-,-,,-,-,-,-,-,,-,-,-,-,-,,-,-,-,-,,-,-,-,-,-,,-,-,-,-,-,,-,-,-,-,-,,-,-,-,-,-,,-,-,-,-,,-,-,-,-,-,,-,-,-,-,-,,-,-,-,-,-,,-,-,-,-
"제주시",-,-,-,-,-,-,-,-,-,-,-,-,-,-,-,-,-,-,-,-,-,-,-,-,-,-,-,-,-,-,-,-,-,-,-,-,-,-,-,-,-,-,-,-,-,-,-,-,-,-,-,19357,-,59850,29704,30146,19690,4.6,56472,5.9,27904,28569,19168,4.1,56107,5.9,27424,28682,18166,4.3,53112,5.2,25740,27372,18733,4.7,55211,5.3,26995,28216
"서귀포시",-,-,-,-,-,-,-,-,-,-,-,-,-,-,-,-,-,-,-,-,-,-,-,-,-,-,-,-,-,-,-,-,-,-,-,-,-,-,-,-,-,-,-,-,-,-,-,-,-,-,-,16861,-,50431,25195,25236,16776,5.5,48631,7.3,24046,24585,16567,5.0,48898,6.5,24189,24708,16480,4.8,49080,5.9,24202,24878,16655,5.5,49590,7.2,24281,25310
