"ÇàÁ¤±¸¿ªº°","Æ¯¼ºº°",2015,2015,2015,2015,2015,2015,2015,2015,2015,2015,2015,2015,2015,2015,2015,2015,2015,2015,2015
"ÇàÁ¤±¸¿ªº°","Æ¯¼ºº°",³ó°¡ (°¡±¸),°æ¿î±â:³ó°¡ (°¡±¸),´ë¼ö (´ë),Æ®·¢ÅÍ:³ó°¡ (°¡±¸),´ë¼ö (´ë),ÄÞ¹ÙÀÎ:³ó°¡ (°¡±¸),´ë¼ö (´ë),°ü¸®±â:³ó°¡ (°¡±¸),´ë¼ö (´ë),°ÇÁ¶±â:³ó°¡ (°¡±¸),´ë¼ö (´ë),ÀÌ¾Ó±â:³ó°¡ (°¡±¸),´ë¼ö (´ë),°ú¼ö¿ø¿ëSSºÐ¹«±â:³ó°¡ (°¡±¸),´ë¼ö (´ë),±¼»è±â:³ó°¡ (°¡±¸),´ë¼ö (´ë),Àú¿ÂÀúÀå°í:³ó°¡ (°¡±¸),¹Ù´Ú¸éÀû (§³)
"Á¾·Î±¸","³íº­",15,3,4,3,5,2,3,3,3,1,2,2,3,1,5,1,8,1,27
"Áß±¸","³íº­",9,1,1,1,1,1,1,,,1,1,,,,,,,1,13
"¿ë»ê±¸","³íº­",11,,,,,,,,,,,,,,,,,,
"¼ºµ¿±¸","³íº­",12,1,1,,,1,1,,,,,,,,,,,,
"±¤Áø±¸","³íº­",32,8,8,2,2,,,5,5,2,2,2,2,,,1,1,2,185
"µ¿´ë¹®±¸","³íº­",13,2,2,,,,,,,,,1,1,,,,,,
"Áß¶û±¸","³íº­",49,10,11,,,,,3,3,2,2,,,,,,,,
"¼ººÏ±¸","³íº­",19,1,1,,,,,,,,,,,,,,,,
"°­ºÏ±¸","³íº­",15,2,2,,,,,,,,,1,1,,,,,,
"µµºÀ±¸","³íº­",16,8,9,2,2,1,1,3,3,6,6,3,3,1,1,,,1,17
"³ë¿ø±¸","³íº­",10,6,6,4,4,1,1,1,1,2,2,1,1,,,,,,
"ÀºÆò±¸","³íº­",39,5,5,3,3,,,2,2,,,2,2,,,,,,
"¼­´ë¹®±¸","³íº­",13,2,2,1,1,1,1,2,2,1,1,1,1,,,,,,
"¸¶Æ÷±¸","³íº­",14,4,4,1,1,,,2,2,3,3,1,1,,,,,,
"¾çÃµ±¸","³íº­",68,9,10,4,4,3,3,5,5,2,2,3,3,,,,,,
"°­¼­±¸","³íº­",249,28,31,22,26,10,10,17,18,14,18,17,18,2,2,2,2,1,33
"±¸·Î±¸","³íº­",40,4,4,1,1,,,4,4,1,1,,,,,,,,
"±ÝÃµ±¸","³íº­",14,2,2,3,3,1,1,1,1,,,1,1,,,,,,
"¿µµîÆ÷±¸","³íº­",37,5,6,2,3,,,2,2,2,2,3,3,,,1,1,,
"µ¿ÀÛ±¸","³íº­",26,4,4,1,1,,,4,4,1,1,1,1,,,,,,
"°ü¾Ç±¸","³íº­",36,7,7,,,,,2,3,3,3,4,4,,,,,,
"¼­ÃÊ±¸","³íº­",43,6,6,1,1,,,2,2,2,2,2,2,,,,,1,10
"°­³²±¸","³íº­",33,5,5,2,2,1,1,4,4,,,3,3,,,,,,
"¼ÛÆÄ±¸","³íº­",63,6,7,2,2,1,1,5,7,2,2,1,1,,,,,,
"°­µ¿±¸","³íº­",29,8,8,4,4,1,1,4,4,2,2,4,4,,,,,,
"µ¿ºÎ","³íº­",1753,619,668,383,472,159,162,496,531,205,219,254,259,6,7,10,10,21,367
"À¾ºÎ","³íº­",355,237,268,105,107,74,74,116,119,70,77,119,119,2,2,5,5,18,313
"¸éºÎ","³íº­",239,157,188,89,89,55,56,73,77,50,51,100,102,4,4,5,5,5,79
"Áß±¸","³íº­",9,,,,,,,1,1,,,,,,,,,,
"¼­±¸","³íº­",13,,,,,,,,,,,,,,,,,,
"µ¿±¸","³íº­",18,2,2,1,1,1,1,1,2,1,1,,,,,,,,
"¿µµµ±¸","³íº­",14,1,1,,,,,,,,,,,,,,,,
"ºÎ»êÁø±¸","³íº­",32,6,6,5,5,2,2,7,7,4,4,2,2,1,1,,,,
"µ¿·¡±¸","³íº­",77,11,11,4,4,1,1,9,9,2,2,7,7,,,1,1,,
"³²±¸","³íº­",27,3,3,,,1,1,1,1,,,1,1,,,,,,
"ºÏ±¸","³íº­",72,12,12,5,5,3,3,6,6,3,3,1,1,,,,,1,20
"ÇØ¿î´ë±¸","³íº­",51,12,13,2,2,2,2,6,6,2,2,4,4,1,1,,,,
"»çÇÏ±¸","³íº­",139,17,18,3,3,1,1,11,11,3,3,6,6,,,,,,
"±ÝÁ¤±¸","³íº­",69,11,11,3,3,,,4,4,3,3,,,,,1,1,,
"°­¼­±¸","³íº­",1118,525,572,357,445,147,150,436,469,182,195,228,233,1,1,7,7,19,327
"¿¬Á¦±¸","³íº­",31,5,5,2,3,1,1,6,7,1,2,2,2,1,1,,,1,20
"¼ö¿µ±¸","³íº­",35,3,3,,,,,,,,,,,,,,,,
"»ç»ó±¸","³íº­",48,11,11,1,1,,,8,8,4,4,3,3,2,3,1,1,,
"±âÀå±º","³íº­",594,394,456,194,196,129,130,189,196,120,128,219,221,6,6,10,10,23,392
"µ¿ºÎ","³íº­",2190,586,610,137,142,57,57,341,346,109,111,167,167,19,20,12,12,11,140
"À¾ºÎ","³íº­",1091,424,454,133,138,63,63,231,235,78,79,195,195,7,8,7,8,4,360
"¸éºÎ","³íº­",1737,1012,1101,433,459,199,200,619,637,343,356,545,551,14,14,15,16,17,332
"Áß±¸","³íº­",28,5,5,,,,,2,2,1,1,2,2,,,,,,
"µ¿±¸","³íº­",542,206,219,45,46,17,17,122,123,35,35,55,55,9,9,7,7,4,58
"¼­±¸","³íº­",153,43,46,11,11,3,3,19,20,5,5,8,8,,,,,,
"³²±¸","³íº­",92,21,21,8,10,3,3,11,11,3,3,5,5,1,1,1,1,,
"ºÏ±¸","³íº­",402,138,142,38,39,15,15,89,89,32,32,52,52,1,1,2,2,1,10
"¼ö¼º±¸","³íº­",391,66,69,10,11,7,7,40,42,13,15,17,17,3,3,,,4,52
"´Þ¼­±¸","³íº­",582,107,108,25,25,12,12,58,59,20,20,28,28,5,6,2,2,2,20
"´Þ¼º±º","³íº­",2828,1436,1555,566,597,262,263,850,872,421,435,740,746,21,22,22,24,21,692
"µ¿ºÎ","³íº­",1436,495,513,286,305,138,144,262,266,273,311,296,304,13,15,19,19,23,372
"À¾ºÎ","³íº­",560,266,275,121,139,41,42,250,264,151,178,114,115,,,3,3,72,964
"¸éºÎ","³íº­",4693,3416,3577,2014,2240,903,914,2487,2542,2569,2810,1879,1902,29,30,81,120,1433,16300
"Áß±¸","³íº­",224,118,118,84,85,45,45,93,93,97,100,85,86,4,4,4,4,5,116
"µ¿±¸","³íº­",8,,,,,,,,,,,,,,,,,,
"³²±¸","³íº­",73,6,6,3,3,,,3,3,4,4,4,4,,,,,,
"¿¬¼ö±¸","³íº­",88,18,18,8,8,1,1,10,11,6,6,9,9,1,1,1,1,1,13
"³²µ¿±¸","³íº­",105,21,26,18,19,9,9,12,12,18,20,16,17,1,1,1,1,2,15
"ºÎÆò±¸","³íº­",206,28,31,16,17,10,10,11,11,12,15,17,18,2,3,,,,
"°è¾ç±¸","³íº­",368,172,176,91,92,42,42,71,71,83,84,93,93,,,6,6,8,117
"¼­±¸","³íº­",364,132,138,66,81,31,37,62,65,53,82,72,77,5,6,7,7,7,111
"°­È­±º","³íº­",4882,3407,3553,1939,2175,790,800,2545,2613,2434,2672,1780,1800,14,15,64,98,1348,15310
"¿ËÁø±º","³íº­",371,275,299,196,204,154,156,192,193,286,316,213,217,15,15,20,25,157,1954
"µ¿±¸","³íº­",276,32,33,8,8,4,4,13,14,4,4,10,10,,,,,,
"¼­±¸","³íº­",683,141,144,71,78,37,38,47,48,64,71,53,55,4,4,8,9,7,142
"³²±¸","³íº­",880,217,223,125,141,53,56,101,102,86,97,70,71,8,8,3,3,21,436
"ºÏ±¸","³íº­",1640,290,318,108,128,74,77,150,155,122,145,112,118,10,12,17,18,34,474
"±¤»ê±¸","³íº­",2657,849,893,395,450,179,182,315,318,357,385,288,292,23,23,30,39,91,1383
"µ¿±¸","³íº­",252,90,98,25,27,21,21,69,71,34,35,43,43,4,4,1,1,3,32
"Áß±¸","³íº­",286,63,66,17,17,9,9,46,46,35,35,23,23,1,1,3,4,1,20
"¼­±¸","³íº­",1019,192,196,79,79,33,33,135,136,93,95,82,82,3,4,,,2,20
"À¯¼º±¸","³íº­",1063,300,314,105,107,71,72,227,233,128,139,168,172,13,14,5,12,12,200
"´ë´ö±¸","³íº­",457,99,99,21,21,14,14,67,69,35,35,35,35,3,3,2,2,2,27
"µ¿ºÎ","³íº­",2045,778,834,202,205,119,121,286,288,173,175,369,372,13,14,9,9,4,142
"À¾ºÎ","³íº­",1573,887,977,352,360,219,220,312,315,298,301,516,519,7,7,10,10,21,426
"¸éºÎ","³íº­",2295,1518,1645,701,712,386,387,481,483,488,503,933,943,31,31,18,28,57,784
"Áß±¸","³íº­",423,129,137,35,35,20,20,56,57,17,17,48,48,2,2,1,1,,
"³²±¸","³íº­",583,140,142,31,31,19,19,60,60,32,32,48,48,2,2,3,3,1,19
"µ¿±¸","³íº­",62,13,14,2,2,3,3,6,7,5,6,4,4,,,,,,
"ºÏ±¸","³íº­",977,496,541,134,137,77,79,164,164,119,120,269,272,9,10,5,5,3,123
"¿ïÁÖ±º","³íº­",3868,2405,2622,1053,1072,605,607,793,798,786,804,1449,1462,38,38,28,38,78,1210
"µ¿ºÎ","³íº­",73,12,12,5,5,2,2,11,11,7,7,7,7,,,,,,
"À¾ºÎ","³íº­",292,50,51,19,21,8,8,34,34,16,17,16,16,2,2,,,1,7
"¸éºÎ","³íº­",2804,1131,1148,539,584,273,280,825,841,851,905,635,644,38,41,29,29,153,2339
"¼¼Á¾½Ã","³íº­",3169,1193,1211,563,610,283,290,870,886,874,929,658,667,40,43,29,29,154,2346
"µ¿ºÎ","³íº­",17296,4808,5068,3055,3268,1224,1250,2403,2445,2726,2919,2872,2906,117,121,130,148,177,4928
"À¾ºÎ","³íº­",12733,6212,6453,4150,4388,1556,1572,3134,3176,4137,4360,3718,3755,209,212,134,183,341,6598
"¸éºÎ","³íº­",28946,16685,17181,11691,12330,3999,4029,8689,8810,12329,13008,10001,10087,233,237,389,495,1213,21905
"¼ö¿ø½Ã","³íº­",1783,313,331,192,207,82,84,195,200,158,170,201,203,7,7,15,15,6,66
"Àå¾È±¸","³íº­",363,43,43,20,22,11,11,19,19,18,18,36,36,1,1,3,3,,
"±Ç¼±±¸","³íº­",790,181,199,112,124,46,48,115,119,107,116,112,114,2,2,9,9,5,54
"ÆÈ´Þ±¸","³íº­",370,35,35,23,23,7,7,24,24,10,10,19,19,2,2,1,1,,
"¿µÅë±¸","³íº­",260,54,54,37,38,18,18,37,38,23,26,34,34,2,2,2,2,1,12
"¼º³²½Ã","³íº­",154,41,47,13,13,6,7,15,15,20,21,14,14,1,1,,,2,43
"¼öÁ¤±¸","³íº­",76,19,19,5,5,2,2,9,9,9,9,6,6,,,,,1,33
"Áß¿ø±¸","³íº­",14,4,4,2,2,,,2,2,3,3,2,2,1,1,,,,
"ºÐ´ç±¸","³íº­",64,18,24,6,6,4,5,4,4,8,9,6,6,,,,,1,10
"ÀÇÁ¤ºÎ½Ã","³íº­",349,88,97,40,44,22,22,31,31,50,52,50,50,4,4,1,6,2,35
"¾È¾ç½Ã","³íº­",185,17,18,7,7,3,3,5,5,10,10,10,10,,,2,2,,
"¸¸¾È±¸","³íº­",45,3,3,2,2,1,1,,,1,1,2,2,,,1,1,,
"µ¿¾È±¸","³íº­",140,14,15,5,5,2,2,5,5,9,9,8,8,,,1,1,,
"ºÎÃµ½Ã","³íº­",439,50,59,34,39,12,12,33,33,25,35,29,30,1,2,,,1,9
"¿ø¹Ì±¸","³íº­",128,6,7,7,7,1,1,6,6,3,3,7,7,1,2,,,,
"¼Ò»ç±¸","³íº­",54,7,7,2,2,1,1,3,3,2,2,3,3,,,,,,
"¿ÀÁ¤±¸","³íº­",257,37,45,25,30,10,10,24,24,20,30,19,20,,,,,1,9
"±¤¸í½Ã","³íº­",166,51,52,23,23,6,6,19,20,12,12,25,25,1,1,1,1,1,10
"ÆòÅÃ½Ã","³íº­",7386,3138,3220,2475,2657,881,891,1437,1449,1834,1968,2059,2089,36,38,65,86,96,1678
"µ¿µÎÃµ½Ã","³íº­",157,65,72,37,39,9,9,23,23,38,40,31,31,,,,,1,17
"¾È»ê½Ã","³íº­",469,165,181,111,115,64,65,103,106,100,112,105,106,12,12,5,5,20,542
"»ó·Ï±¸","³íº­",303,100,109,76,79,45,46,49,50,56,59,64,65,1,1,1,1,1,198
"´Ü¿ø±¸","³íº­",166,65,72,35,36,19,19,54,56,44,53,41,41,11,11,4,4,19,344
"°í¾ç½Ã","³íº­",1812,592,628,319,358,130,136,266,274,311,369,297,307,16,16,20,21,20,787
"´ö¾ç±¸","³íº­",679,216,223,90,101,37,39,99,101,122,133,95,100,6,6,11,12,,
"ÀÏ»êµ¿±¸","³íº­",501,167,187,91,107,28,32,73,76,82,110,96,100,2,2,4,4,13,503
"ÀÏ»ê¼­±¸","³íº­",632,209,218,138,150,65,65,94,97,107,126,106,107,8,8,5,5,7,284
"°úÃµ½Ã","³íº­",52,10,11,4,4,,,1,1,2,2,1,1,1,1,,,,
"±¸¸®½Ã","³íº­",37,8,10,6,6,,,5,5,3,3,2,2,,,1,1,,
"³²¾çÁÖ½Ã","³íº­",483,224,243,97,105,35,36,99,101,151,161,113,114,12,12,5,10,31,1122
"¿À»ê½Ã","³íº­",774,245,250,192,200,88,89,137,138,164,168,158,158,4,4,5,10,6,255
"½ÃÈï½Ã","³íº­",643,257,290,130,143,55,56,86,89,139,155,148,155,10,11,2,2,9,160
"±ºÆ÷½Ã","³íº­",149,45,46,32,32,13,13,20,20,36,36,31,33,2,2,1,1,2,26
"ÀÇ¿Õ½Ã","³íº­",166,74,79,24,25,16,16,46,46,48,50,49,49,1,1,1,1,,
"ÇÏ³²½Ã","³íº­",126,56,59,16,16,3,3,16,16,18,18,17,17,,,,,,
"¿ëÀÎ½Ã","³íº­",3581,1636,1694,1004,1039,373,375,989,996,1299,1347,911,920,29,31,45,62,58,781
"Ã³ÀÎ±¸","³íº­",3077,1528,1583,965,1000,351,352,928,935,1239,1287,863,872,27,29,41,58,51,679
"±âÈï±¸","³íº­",331,67,69,19,19,10,11,41,41,34,34,24,24,1,1,,,7,102
"¼öÁö±¸","³íº­",173,41,42,20,20,12,12,20,20,26,26,24,24,1,1,4,4,,
"ÆÄÁÖ½Ã","³íº­",4634,1889,1948,1341,1469,524,540,836,857,1272,1397,1263,1279,58,60,72,91,60,1929
"ÀÌÃµ½Ã","³íº­",4950,2487,2543,1940,2035,632,632,1430,1454,1742,1823,1474,1479,95,96,68,103,147,3103
"¾È¼º½Ã","³íº­",4977,2369,2417,1740,1807,555,561,1473,1502,1679,1745,1376,1382,51,51,46,58,49,1726
"±èÆ÷½Ã","³íº­",3270,1720,1795,1012,1092,421,427,1213,1237,916,1004,980,997,30,30,29,39,91,2168
"È­¼º½Ã","³íº­",6910,3797,3987,2706,2881,1096,1107,2381,2408,3213,3380,2463,2493,87,88,98,104,247,4347
"±¤ÁÖ½Ã","³íº­",1102,569,582,320,328,95,96,230,232,471,488,322,323,3,3,1,1,40,1215
"¾çÁÖ½Ã","³íº­",1586,700,730,444,475,144,145,280,283,632,664,385,389,4,5,12,12,68,832
"Æ÷Ãµ½Ã","³íº­",2457,1282,1319,860,901,176,177,485,488,970,997,868,872,22,22,30,32,38,1684
"¿©ÁÖ½Ã","³íº­",4542,2542,2585,2058,2146,674,676,1195,1211,1706,1783,1529,1530,30,30,50,80,154,4045
"¿¬Ãµ±º","³íº­",1434,657,668,503,528,180,182,265,268,562,608,436,439,25,25,25,25,136,1892
"°¡Æò±º","³íº­",933,574,598,200,201,71,71,187,187,360,366,206,208,2,2,12,17,65,1243
"¾çÆò±º","³íº­",3269,2044,2143,1016,1051,413,414,725,736,1251,1303,1038,1043,15,15,41,41,381,3716
"µ¿ºÎ","³íº­",2909,1172,1287,479,493,219,221,632,654,465,490,690,695,9,9,14,14,58,1088
"À¾ºÎ","³íº­",5847,3254,3386,2484,2573,713,727,1594,1619,2035,2145,2447,2459,35,36,82,94,439,6155
"¸éºÎ","³íº­",9882,6720,7150,3966,4102,1541,1549,2905,2991,4077,4330,4323,4362,100,101,128,142,1222,15659
"ÃáÃµ½Ã","³íº­",1228,665,711,310,315,113,114,374,377,311,326,367,368,10,10,8,8,36,514
"¿øÁÖ½Ã","³íº­",3392,1824,1904,842,854,308,308,1090,1126,1065,1146,1106,1116,47,48,34,34,126,1858
"°­¸ª½Ã","³íº­",2273,1357,1511,681,727,270,273,624,647,590,609,875,887,15,16,16,17,57,1088
"µ¿ÇØ½Ã","³íº­",260,179,220,43,45,28,29,93,99,77,86,107,108,1,1,2,2,28,402
"ÅÂ¹é½Ã","³íº­",6,1,1,,,,,,,,,,,,,,,,
"¼ÓÃÊ½Ã","³íº­",314,165,176,71,73,35,36,71,71,91,96,85,86,1,1,1,1,9,140
"»ïÃ´½Ã","³íº­",626,389,447,157,172,113,116,197,204,218,231,211,214,1,1,9,16,67,794
"È«Ãµ±º","³íº­",1743,1164,1230,770,791,284,285,468,481,680,713,809,813,3,3,22,23,322,3864
"È¾¼º±º","³íº­",1426,970,1021,578,596,173,174,422,434,597,628,585,590,5,5,21,22,159,1978
"¿µ¿ù±º","³íº­",212,135,138,72,74,33,34,91,96,117,129,85,86,2,2,7,7,22,450
"ÆòÃ¢±º","³íº­",198,141,145,83,86,43,43,103,109,111,119,84,84,3,3,4,4,58,690
"Á¤¼±±º","³íº­",147,92,108,36,37,15,15,26,26,51,56,41,41,,,4,4,17,222
"Ã¶¿ø±º","³íº­",2828,1314,1342,1407,1462,189,199,745,755,925,993,1232,1237,8,8,43,50,180,2673
"È­Ãµ±º","³íº­",326,240,258,135,139,42,42,91,94,98,100,146,148,5,5,5,5,30,389
"¾ç±¸±º","³íº­",723,416,437,361,379,105,106,150,151,262,278,278,282,4,4,7,8,309,3584
"ÀÎÁ¦±º","³íº­",522,278,285,174,178,57,57,83,83,168,182,181,182,15,15,6,6,69,1133
"°í¼º±º","³íº­",1291,925,961,722,746,393,393,250,257,573,620,668,670,14,14,21,29,139,1758
"¾ç¾ç±º","³íº­",1123,891,928,487,494,272,273,253,254,643,653,600,604,10,10,14,14,91,1365
"µ¿ºÎ","³íº­",5564,1024,1052,506,556,248,253,708,738,615,688,534,545,18,18,24,29,65,1281
"À¾ºÎ","³íº­",5923,2644,2711,1170,1238,541,545,1651,1721,1808,1987,1358,1372,40,41,53,63,215,4256
"¸éºÎ","³íº­",15261,9101,9358,3705,3843,1591,1603,5705,5907,6922,7466,4081,4108,181,183,172,206,1010,16547
"ÃæÁÖ½Ã","³íº­",3499,1712,1764,767,818,281,283,1061,1114,1262,1419,706,719,79,79,38,43,129,3261
"Á¦Ãµ½Ã","³íº­",1316,536,557,230,255,111,114,530,584,507,592,316,320,6,6,13,13,31,535
"Ã»ÁÖ½Ã","³íº­",9222,3322,3398,1556,1643,758,764,2010,2055,2343,2532,1708,1721,32,34,70,99,471,7608
"»ó´ç±¸","³íº­",2361,893,916,361,382,194,196,631,643,732,797,436,439,17,18,20,21,178,2484
"¼­¿ø±¸","³íº­",1650,458,476,154,160,64,65,299,311,343,368,196,199,2,2,8,30,68,861
"Èï´ö±¸","³íº­",2645,926,950,493,520,227,230,521,533,596,650,476,479,6,7,17,22,101,1749
"Ã»¿ø±¸","³íº­",2566,1045,1056,548,581,273,273,559,568,672,717,600,604,7,7,25,26,124,2514
"º¸Àº±º","³íº­",2221,1437,1465,598,611,262,264,821,833,1053,1104,585,587,51,52,29,29,170,2586
"¿ÁÃµ±º","³íº­",1651,952,1004,363,380,165,170,811,849,624,680,405,410,23,23,19,29,124,1577
"¿µµ¿±º","³íº­",847,514,532,140,140,53,53,401,404,296,302,188,189,14,14,2,2,23,955
"ÁøÃµ±º","³íº­",2887,1480,1509,610,632,274,275,642,648,1011,1078,696,700,7,7,20,20,36,885
"±«»ê±º","³íº­",1428,857,886,334,348,149,149,612,653,761,813,376,377,2,2,20,20,226,3224
"À½¼º±º","³íº­",2591,1502,1544,580,600,235,236,835,859,1132,1234,736,743,15,15,26,26,45,733
"´Ü¾ç±º","³íº­",111,54,54,24,26,13,14,52,57,60,72,27,28,2,2,3,3,4,82
"ÁõÆò±º","³íº­",975,403,408,179,184,79,79,289,310,296,315,230,231,8,8,9,14,31,638
"µ¿ºÎ","³íº­",9137,2499,2625,1113,1184,488,492,1294,1323,1115,1208,1278,1298,45,49,56,87,111,3630
"À¾ºÎ","³íº­",13735,6671,6967,3248,3482,1360,1375,3805,3869,3560,3851,3003,3061,105,107,154,209,474,8311
"¸éºÎ","³íº­",52345,31674,33134,14788,15815,6044,6091,18256,18634,18787,20287,13927,14062,440,449,715,983,2704,45814
"Ãµ¾È½Ã","³íº­",5791,2246,2316,939,976,377,379,1181,1194,1303,1369,951,959,91,94,35,51,112,1758
"µ¿³²±¸","³íº­",3571,1473,1510,532,553,218,219,755,764,976,1027,620,626,15,18,23,33,78,1289
"¼­ºÏ±¸","³íº­",2220,773,806,407,423,159,160,426,430,327,342,331,333,76,76,12,18,34,469
"°øÁÖ½Ã","³íº­",5717,2450,2475,933,952,383,385,1530,1546,1495,1570,1087,1093,54,55,75,123,485,7746
"º¸·É½Ã","³íº­",5670,3595,3997,1392,1487,555,560,1171,1191,2211,2354,1589,1603,10,10,87,121,303,5919
"¾Æ»ê½Ã","³íº­",6284,3111,3219,1581,1655,631,636,1486,1505,1240,1401,1303,1316,55,59,32,41,89,2394
"¼­»ê½Ã","³íº­",7692,4499,4675,2224,2419,970,979,2087,2152,2166,2330,2223,2250,13,13,136,175,184,3918
"³í»ê½Ã","³íº­",5503,2281,2351,1180,1266,492,497,1945,1993,1145,1277,1111,1127,40,41,48,71,311,6381
"°è·æ½Ã","³íº­",254,97,100,41,42,22,22,81,81,54,57,60,60,,,3,3,9,146
"´çÁø½Ã","³íº­",8085,4847,5062,2789,3029,1155,1168,2607,2701,2685,2965,2384,2422,24,24,134,168,142,3282
"±Ý»ê±º","³íº­",2480,1183,1220,375,384,138,138,1060,1084,584,600,399,405,3,3,21,26,75,1997
"ºÎ¿©±º","³íº­",4943,2206,2264,1130,1203,420,422,1965,1990,1524,1634,1024,1028,101,104,57,64,367,5445
"¼­Ãµ±º","³íº­",4311,2503,2744,1250,1407,578,585,1354,1372,1817,2053,1340,1377,12,13,61,71,180,3441
"Ã»¾ç±º","³íº­",3172,1905,1939,831,864,350,351,1350,1387,1982,2186,857,864,50,50,48,63,628,7866
"È«¼º±º","³íº­",5534,3538,3672,1448,1552,585,591,2035,2074,2184,2299,1294,1312,7,7,69,116,137,2258
"¿¹»ê±º","³íº­",6026,3756,3866,1955,2088,815,822,2426,2462,1742,1851,1371,1379,80,81,58,110,132,2727
"ÅÂ¾È±º","³íº­",3755,2627,2826,1081,1157,421,423,1077,1094,1330,1400,1215,1226,50,51,61,76,135,2477
"µ¿ºÎ","³íº­",10546,2816,2951,1694,1927,884,900,1805,1833,1582,1763,1501,1530,79,82,91,120,439,7037
"À¾ºÎ","³íº­",6293,2928,3064,1614,1804,666,683,1864,1902,1712,1900,1270,1286,23,23,72,85,573,7653
"¸éºÎ","³íº­",35762,21041,22080,11737,13683,5388,5488,11885,12178,13321,15253,9597,9736,372,382,521,661,4901,63635
"ÀüÁÖ½Ã","³íº­",3342,879,930,386,428,177,181,597,604,378,404,323,327,39,41,18,23,122,1901
"¿Ï»ê±¸","³íº­",1293,241,248,107,110,51,51,196,197,123,128,103,103,14,14,5,10,46,656
"´öÁø±¸","³íº­",2049,638,682,279,318,126,130,401,407,255,276,220,224,25,27,13,13,76,1245
"±º»ê½Ã","³íº­",5533,1913,2098,1384,1884,797,833,1347,1382,1452,1822,1174,1208,86,94,51,60,207,2849
"ÀÍ»ê½Ã","³íº­",7378,3033,3179,2051,2453,1117,1146,1872,1910,1824,2244,1804,1856,29,30,84,121,204,4518
"Á¤À¾½Ã","³íº­",4792,2725,2796,1602,1783,879,890,1338,1355,1749,1933,1345,1357,50,50,64,64,520,7372
"³²¿ø½Ã","³íº­",4997,2994,3114,1532,1636,426,428,1884,1915,1599,1744,1178,1185,37,37,66,104,535,6150
"±èÁ¦½Ã","³íº­",5772,3127,3257,2346,2993,1176,1197,1951,2005,2197,2663,1740,1773,41,42,89,97,843,10780
"¿ÏÁÖ±º","³íº­",2845,1369,1431,604,644,216,217,1019,1046,829,859,480,482,9,9,26,31,241,4009
"Áø¾È±º","³íº­",1294,840,863,413,427,119,122,695,745,771,851,368,371,5,5,18,33,247,3467
"¹«ÁÖ±º","³íº­",800,442,452,134,135,47,48,312,322,230,237,152,152,14,14,10,17,40,679
"Àå¼ö±º","³íº­",1561,922,937,391,404,101,102,552,557,355,374,352,354,7,7,21,21,177,2839
"ÀÓ½Ç±º","³íº­",2411,1419,1489,553,590,212,215,806,824,1242,1314,557,561,30,30,42,52,630,8570
"¼øÃ¢±º","³íº­",2731,1772,1898,725,773,314,315,631,649,1489,1662,618,620,48,48,41,49,1162,11894
"°íÃ¢±º","³íº­",4808,3134,3308,1426,1547,607,616,1462,1476,1187,1237,1082,1094,72,73,91,121,757,9414
"ºÎ¾È±º","³íº­",4337,2216,2343,1498,1717,750,761,1088,1123,1313,1572,1195,1212,7,7,63,73,228,3883
"µ¿ºÎ","³íº­",3397,1180,1312,409,449,227,232,742,765,580,627,442,452,65,68,20,25,81,1323
"À¾ºÎ","³íº­",15025,7539,7971,3540,3822,1558,1584,3212,3280,3860,4218,2794,2836,181,186,240,283,1459,17434
"¸éºÎ","³íº­",53229,34208,36623,15739,17320,7008,7127,13614,13932,20011,22399,12365,12543,602,612,874,1074,7589,103014
"¸ñÆ÷½Ã","³íº­",343,88,95,40,42,18,18,35,37,25,27,36,36,2,4,1,1,4,63
"¿©¼ö½Ã","³íº­",2731,1446,1634,318,331,164,168,966,992,828,858,487,496,12,12,17,23,36,440
"¼øÃµ½Ã","³íº­",4074,2054,2211,625,690,368,377,1395,1429,1077,1149,716,732,107,109,61,62,370,4169
"³ªÁÖ½Ã","³íº­",5509,3318,3522,1590,1795,635,649,860,872,1539,1709,1006,1023,152,154,64,75,441,8137
"±¤¾ç½Ã","³íº­",2138,1008,1108,224,229,152,156,592,608,546,564,295,299,54,55,19,24,174,2196
"´ã¾ç±º","³íº­",3474,1698,1839,625,686,278,282,525,539,834,877,582,588,46,47,53,78,370,4067
"°î¼º±º","³íº­",3113,1685,1774,661,713,286,290,868,883,1085,1136,601,609,24,24,51,53,470,5463
"±¸·Ê±º","³íº­",1476,870,901,262,274,150,151,366,369,689,713,309,313,30,31,18,18,397,4573
"°íÈï±º","³íº­",5126,3490,3681,1480,1636,742,756,1679,1702,1898,2121,1145,1164,62,64,102,118,230,3296
"º¸¼º±º","³íº­",4098,2536,2740,1078,1171,466,475,1184,1226,1530,1707,883,888,37,38,66,73,745,8278
"È­¼ø±º","³íº­",3729,1634,1758,668,729,388,397,651,664,1234,1385,687,700,34,36,64,82,387,4490
"ÀåÈï±º","³íº­",3506,2091,2209,1208,1371,463,466,794,814,1504,1767,870,886,14,15,56,62,497,12780
"°­Áø±º","³íº­",4003,2541,2692,1405,1491,563,568,862,873,1606,1768,913,927,40,40,61,62,864,10683
"ÇØ³²±º","³íº­",5681,4041,4300,2654,2837,1085,1101,1916,1976,2716,3102,1746,1773,9,9,108,152,969,13880
"¿µ¾Ï±º","³íº­",4466,2977,3237,1646,1876,740,752,837,844,1483,1643,1284,1297,117,119,76,94,600,8153
"¹«¾È±º","³íº­",2883,1657,1740,707,755,242,250,375,379,593,651,502,511,7,7,53,64,239,2872
"ÇÔÆò±º","³íº­",3355,2170,2317,967,1055,447,456,353,359,1095,1243,714,722,10,10,67,91,511,5994
"¿µ±¤±º","³íº­",3705,2416,2572,1076,1233,475,481,918,947,1095,1283,775,787,8,8,55,70,363,4467
"Àå¼º±º","³íº­",2811,1384,1476,604,695,288,296,561,571,788,878,509,516,68,69,32,45,476,6032
"¿Ïµµ±º","³íº­",1343,906,1003,295,306,160,160,242,244,559,584,276,278,5,5,17,27,112,1559
"Áøµµ±º","³íº­",1469,1027,1051,593,619,226,228,826,852,837,961,502,505,2,2,22,29,171,2113
"½Å¾È±º","³íº­",2618,1890,2046,962,1057,457,466,763,797,890,1118,763,781,8,8,71,79,703,8066
"µ¿ºÎ","³íº­",10705,3565,3703,1456,1510,642,644,2400,2436,1282,1308,1618,1622,89,92,76,81,136,2486
"À¾ºÎ","³íº­",14679,7936,8407,3327,3493,1440,1454,4730,4847,3349,3518,3679,3707,176,177,167,191,294,5459
"¸éºÎ","³íº­",38245,26783,28372,12241,12796,5343,5395,18215,18794,14836,15873,12526,12627,712,715,457,558,1724,31747
"Æ÷Ç×½Ã","³íº­",7044,2772,2971,1242,1322,777,784,1518,1556,1230,1285,1540,1554,85,87,77,96,146,2636
"³²±¸","³íº­",2887,1073,1191,302,309,190,192,516,528,463,475,606,614,12,13,28,29,37,462
"ºÏ±¸","³íº­",4157,1699,1780,940,1013,587,592,1002,1028,767,810,934,940,73,74,49,67,109,2174
"°æÁÖ½Ã","³íº­",9521,5639,6053,2374,2475,1366,1373,2712,2751,2079,2143,3293,3317,68,68,105,125,155,2873
"±èÃµ½Ã","³íº­",2500,1520,1565,604,627,253,254,1298,1311,671,693,595,598,48,49,21,31,52,852
"¾Èµ¿½Ã","³íº­",3927,2254,2368,841,895,261,263,1760,1884,1548,1664,839,850,28,28,47,47,113,2059
"±¸¹Ì½Ã","³íº­",5966,3513,3702,1817,1879,657,658,2370,2414,1472,1510,1698,1699,54,55,48,51,125,1815
"¿µÁÖ½Ã","³íº­",1827,1093,1117,523,535,166,167,872,909,710,756,510,512,25,25,30,42,76,1923
"¿µÃµ½Ã","³íº­",1585,938,996,222,229,125,129,717,730,360,373,287,289,43,43,27,27,60,1196
"»óÁÖ½Ã","³íº­",5745,4118,4201,2085,2133,731,734,2987,3038,2044,2121,1858,1864,202,202,57,62,376,6834
"¹®°æ½Ã","³íº­",3040,1687,1744,760,791,314,314,1000,1015,803,841,695,698,48,48,27,27,81,1682
"°æ»ê½Ã","³íº­",676,318,341,90,105,47,55,246,252,104,133,105,107,31,33,4,4,17,357
"±ºÀ§±º","³íº­",1485,1169,1244,420,434,181,184,977,1006,682,735,432,436,43,43,21,39,57,1649
"ÀÇ¼º±º","³íº­",3992,3091,3304,1762,1832,722,729,2359,2411,1771,1842,1493,1499,119,120,52,57,162,3166
"Ã»¼Û±º","³íº­",585,350,380,49,57,20,21,215,240,307,354,68,71,13,13,5,5,19,562
"¿µ¾ç±º","³íº­",340,198,219,49,50,21,21,136,144,205,233,49,50,7,7,4,4,13,269
"¿µ´ö±º","³íº­",1833,899,1066,365,453,168,174,576,630,551,661,342,352,31,31,13,13,69,1390
"Ã»µµ±º","³íº­",824,628,662,264,273,174,177,466,467,398,422,307,308,44,44,13,13,63,974
"°í·É±º","³íº­",1906,1366,1496,624,653,296,300,807,834,389,401,655,659,3,3,19,30,85,1130
"¼ºÁÖ±º","³íº­",1248,770,797,268,291,109,112,629,636,186,216,249,255,14,14,16,16,27,668
"Ä¥°î±º","³íº­",2012,1186,1238,349,364,151,152,739,749,330,340,487,492,16,16,18,24,57,1062
"¿¹Ãµ±º","³íº­",4677,2930,3056,1540,1590,540,542,1876,1953,2170,2362,1422,1434,39,39,59,71,264,3873
"ºÀÈ­±º","³íº­",911,626,648,286,291,70,70,527,567,520,566,282,286,13,13,17,24,53,1312
"¿ïÁø±º","³íº­",1985,1219,1314,490,520,276,280,558,580,937,1048,617,626,3,3,20,22,84,1410
"µ¿ºÎ","³íº­",7265,2342,2491,802,864,441,449,1209,1229,675,694,957,975,79,84,50,66,57,942
"À¾ºÎ","³íº­",7705,3577,3809,1436,1533,639,648,2307,2363,1460,1535,1342,1362,97,101,70,75,123,2618
"¸éºÎ","³íº­",38208,25699,27478,10734,11321,5224,5263,14295,14576,12524,13184,10511,10598,507,517,453,567,1169,20743
"Ã¢¿ø½Ã","³íº­",4034,1856,2014,702,739,347,352,996,1008,586,619,738,751,73,77,17,29,39,978
"ÀÇÃ¢±¸","³íº­",1461,704,731,274,290,106,107,433,437,173,185,204,206,55,58,11,17,4,101
"¼º»ê±¸","³íº­",261,33,35,13,13,2,2,23,23,15,15,12,12,3,3,,,,
"¸¶»êÇÕÆ÷±¸","³íº­",1459,827,932,307,326,182,183,368,371,323,343,382,386,7,7,4,10,27,780
"¸¶»êÈ¸¿ø±¸","³íº­",468,136,147,44,45,27,28,72,72,37,38,63,66,4,4,2,2,2,37
"ÁøÇØ±¸","³íº­",385,156,169,64,65,30,32,100,105,38,38,77,81,4,5,,,6,60
"ÁøÁÖ½Ã","³íº­",5405,2978,3121,968,1000,445,448,1582,1612,1155,1224,966,973,73,75,60,80,68,1094
"Åë¿µ½Ã","³íº­",407,238,273,58,62,42,43,202,208,130,134,83,86,1,1,1,1,2,25
"»çÃµ½Ã","³íº­",3735,2312,2560,921,986,480,488,1213,1247,997,1054,892,911,54,57,45,52,41,936
"±èÇØ½Ã","³íº­",3793,1550,1617,641,721,339,343,835,850,442,461,667,678,75,79,42,65,58,720
"¹Ð¾ç½Ã","³íº­",2997,1903,1965,779,828,216,216,1145,1154,583,634,646,648,37,38,26,31,65,864
"°ÅÁ¦½Ã","³íº­",1947,937,1033,339,366,264,269,590,602,681,719,421,433,9,10,18,18,27,444
"¾ç»ê½Ã","³íº­",1054,619,689,196,205,106,108,225,231,177,178,308,314,10,10,5,5,15,187
"ÀÇ·É±º","³íº­",2598,1705,1818,666,711,303,305,775,789,752,792,675,681,27,27,23,28,42,651
"ÇÔ¾È±º","³íº­",3167,1894,1994,796,827,291,294,1313,1326,821,848,703,710,40,41,27,43,47,613
"Ã¢³ç±º","³íº­",2582,1651,1806,741,811,345,346,1184,1223,661,697,725,728,27,27,27,27,23,3123
"°í¼º±º","³íº­",3693,2638,2882,1177,1251,695,696,1273,1283,1235,1276,951,961,11,11,45,53,50,1228
"³²ÇØ±º","³íº­",1466,1023,1144,556,607,280,283,612,641,647,708,437,443,9,9,23,28,46,822
"ÇÏµ¿±º","³íº­",2523,1742,1840,786,820,391,397,1110,1120,1193,1269,718,723,110,112,53,61,215,3132
"»êÃ»±º","³íº­",2865,2027,2154,990,1014,566,571,932,950,1265,1323,1059,1059,37,37,52,57,216,3051
"ÇÔ¾ç±º","³íº­",2905,1677,1735,606,616,245,245,1107,1134,1071,1111,651,655,20,20,32,40,211,3383
"°ÅÃ¢±º","³íº­",3375,1855,1909,707,729,301,304,1171,1192,793,825,733,737,33,33,27,28,87,1364
"ÇÕÃµ±º","³íº­",4632,3013,3224,1343,1425,648,652,1546,1598,1470,1541,1437,1444,37,38,50,62,97,1688
"µ¿ºÎ","³íº­",4,,,,,,,,,,,,,,,,,,
"À¾ºÎ","³íº­",1,1,1,1,1,1,1,1,1,1,1,1,1,1,1,,,1,17
"Á¦ÁÖ½Ã","³íº­",3,,,,,,,,,,,,,,,,,,
"¼­±ÍÆ÷½Ã","³íº­",2,1,1,1,1,1,1,1,1,1,1,1,1,1,1,,,1,17
