ÇàÁ¤±¸¿ªº°,Æ¯¼ºº°,2020,2020,2020,2020,2020,2020,2020,2020,2020,2020,2020,2020,2020,ÃÑ°è
ÇàÁ¤±¸¿ªº°,Æ¯¼ºº°,³íº­Àç¹è³ó°¡ (°¡±¸),°æ¿î±â:³ó°¡ (°¡±¸),´ë¼ö (´ë),Æ®·¢ÅÍ:³ó°¡ (°¡±¸),´ë¼ö (´ë),ÄÞ¹ÙÀÎ:³ó°¡ (°¡±¸),´ë¼ö (´ë),°ÇÁ¶±â:³ó°¡ (°¡±¸),´ë¼ö (´ë),ÀÌ¾Ó±â:³ó°¡ (°¡±¸),´ë¼ö (´ë),±¼Âø±â:³ó°¡ (°¡±¸),´ë¼ö (´ë),ÃÑ°è
Á¾·Î±¸,³íº­,13,1,1,1,2,1,2,2,3,1,2,1,1,11
Áß±¸,³íº­,8,1,1,1,1,-,-,-,-,-,-,-,-,2
¿ë»ê±¸,³íº­,16,1,2,2,2,1,1,1,1,1,1,-,-,7
¼ºµ¿±¸,³íº­,73,11,12,10,10,-,-,7,7,5,5,-,-,34
±¤Áø±¸,³íº­,114,9,9,8,8,6,6,5,5,5,5,-,-,33
µ¿´ë¹®±¸,³íº­,66,8,8,6,6,2,2,4,4,3,3,-,-,23
Áß¶û±¸,³íº­,119,16,18,5,5,1,1,3,3,2,2,-,-,29
¼ººÏ±¸,³íº­,61,4,4,5,5,4,4,1,1,2,2,-,-,16
°­ºÏ±¸,³íº­,39,5,5,3,3,-,-,5,6,3,3,-,-,17
µµºÀ±¸,³íº­,63,14,14,7,7,4,4,3,3,2,2,-,-,30
³ë¿ø±¸,³íº­,98,13,13,7,7,1,1,6,6,1,1,-,-,28
ÀºÆò±¸,³íº­,67,5,6,4,4,4,4,3,3,3,3,-,-,20
¼­´ë¹®±¸,³íº­,38,4,4,5,5,2,2,4,4,4,4,-,-,19
¸¶Æ÷±¸,³íº­,27,1,1,2,2,-,-,1,1,2,2,-,-,6
¾çÃµ±¸,³íº­,137,13,14,7,7,3,3,9,9,3,3,-,-,36
°­¼­±¸,³íº­,329,30,33,26,32,12,12,27,33,16,16,-,-,126
±¸·Î±¸,³íº­,129,12,13,7,10,3,4,7,8,6,7,2,2,44
±ÝÃµ±¸,³íº­,32,3,3,1,1,-,-,1,1,-,-,-,-,5
¿µµîÆ÷±¸,³íº­,62,7,8,5,7,-,-,4,5,3,4,1,1,25
µ¿ÀÛ±¸,³íº­,64,7,7,2,2,-,-,4,5,-,-,-,-,14
°ü¾Ç±¸,³íº­,61,7,7,4,4,1,1,5,5,4,4,-,-,21
¼­ÃÊ±¸,³íº­,99,11,11,3,3,2,2,4,4,3,6,-,-,26
°­³²±¸,³íº­,75,8,8,5,5,3,3,3,3,2,2,-,-,21
¼ÛÆÄ±¸,³íº­,150,14,14,7,7,4,4,6,6,6,6,3,3,40
°­µ¿±¸,³íº­,77,11,12,2,2,1,1,7,7,2,2,1,1,25
µ¿ºÎ,³íº­,2728,609,681,368,444,142,150,183,195,191,198,9,9,1677
À¾ºÎ,³íº­,273,142,170,78,84,40,41,71,79,51,53,1,1,428
¸éºÎ,³íº­,119,63,72,45,46,27,27,24,24,40,41,3,3,213
Áß±¸,³íº­,7,2,2,-,-,-,-,2,2,1,1,-,-,5
¼­±¸,³íº­,24,3,3,1,1,-,-,-,-,1,1,-,-,5
µ¿±¸,³íº­,19,1,1,-,-,-,-,-,-,-,-,-,-,1
¿µµµ±¸,³íº­,27,5,5,-,-,-,-,-,-,-,-,-,-,5
ºÎ»êÁø±¸,³íº­,129,16,18,3,3,2,2,5,5,3,3,-,-,31
µ¿·¡±¸,³íº­,148,20,20,5,5,3,3,4,4,3,3,1,1,36
³²±¸,³íº­,87,10,11,3,3,1,1,2,2,2,2,-,-,19
ºÏ±¸,³íº­,330,33,35,14,15,3,3,4,5,7,7,-,-,65
ÇØ¿î´ë±¸,³íº­,223,25,25,11,11,5,5,6,6,7,7,-,-,54
»çÇÏ±¸,³íº­,270,26,33,10,11,7,7,5,6,9,9,-,-,66
±ÝÁ¤±¸,³íº­,173,18,19,8,8,4,4,8,8,6,6,-,-,45
°­¼­±¸,³íº­,885,405,462,298,370,111,119,135,145,140,147,8,8,1251
¿¬Á¦±¸,³íº­,114,10,10,4,4,3,3,2,2,2,2,-,-,21
¼ö¿µ±¸,³íº­,87,6,6,2,2,-,-,-,-,1,1,-,-,9
»ç»ó±¸,³íº­,205,29,31,9,11,3,3,10,10,9,9,-,-,64
±âÀå±º,³íº­,392,205,242,123,130,67,68,95,103,91,94,4,4,641
µ¿ºÎ,³íº­,3967,743,775,235,240,96,96,158,160,186,186,11,11,1468
À¾ºÎ,³íº­,2120,821,867,404,433,141,141,248,253,359,361,10,11,2066
¸éºÎ,³íº­,545,355,402,220,245,70,74,157,164,165,167,2,2,1054
Áß±¸,³íº­,48,9,9,1,1,-,-,5,5,1,1,-,-,16
µ¿±¸,³íº­,618,155,165,35,35,19,19,31,31,32,32,4,4,286
¼­±¸,³íº­,242,48,48,11,11,4,4,12,12,6,6,1,1,82
³²±¸,³íº­,168,36,37,11,11,4,4,6,6,8,8,-,-,66
ºÏ±¸,³íº­,676,169,180,51,54,14,14,32,33,50,50,3,3,334
¼ö¼º±¸,³íº­,624,98,100,21,21,10,10,16,17,12,12,1,1,161
´Þ¼­±¸,³íº­,1591,228,236,105,107,45,45,56,56,77,77,2,2,523
´Þ¼º±º,³íº­,2665,1176,1269,624,678,211,215,405,417,524,528,12,13,3120
µ¿ºÎ,³íº­,1796,400,420,250,262,89,92,224,249,182,187,6,6,1216
À¾ºÎ,³íº­,534,197,203,127,146,51,52,151,168,93,94,1,1,664
¸éºÎ,³íº­,3854,2412,2534,1779,1990,713,726,1825,2108,1322,1354,37,38,8750
Áß±¸,³íº­,163,63,65,50,51,25,25,52,55,44,44,-,-,240
µ¿±¸,³íº­,9,2,2,-,-,-,-,1,1,-,-,-,-,3
¿¬¼ö±¸,³íº­,239,28,28,14,14,2,2,8,9,3,3,-,-,56
³²µ¿±¸,³íº­,225,40,43,21,21,8,8,23,25,20,20,2,2,119
ºÎÆò±¸,³íº­,317,33,36,23,27,8,10,16,21,20,23,1,1,118
°è¾ç±¸,³íº­,365,106,112,79,83,26,27,74,78,51,52,1,1,353
¼­±¸,³íº­,400,116,121,57,60,19,19,46,56,40,41,2,2,299
¹ÌÃßÈ¦±¸,³íº­,78,12,13,6,6,1,1,4,4,4,4,-,-,28
°­È­±º,³íº­,4107,2417,2531,1722,1937,638,650,1778,2035,1260,1290,28,29,8472
¿ËÁø±º,³íº­,281,192,206,184,199,126,128,198,241,155,158,10,10,942
µ¿±¸,³íº­,346,26,28,11,11,3,3,15,15,7,7,1,1,65
¼­±¸,³íº­,1466,170,178,91,103,42,44,71,87,53,55,1,1,468
³²±¸,³íº­,1209,191,200,106,120,43,44,63,66,53,53,8,8,491
ºÏ±¸,³íº­,2287,321,348,131,144,74,74,149,171,96,99,12,12,848
±¤»ê±¸,³íº­,2651,716,768,395,444,178,179,318,349,218,220,13,14,1974
µ¿±¸,³íº­,285,82,88,25,26,16,16,40,42,35,35,-,-,207
Áß±¸,³íº­,476,64,70,37,39,19,19,33,34,31,31,-,-,193
¼­±¸,³íº­,1363,193,197,94,95,35,35,67,67,75,75,-,-,469
À¯¼º±¸,³íº­,1069,222,234,93,99,43,43,134,140,102,107,6,7,630
´ë´ö±¸,³íº­,436,72,73,25,25,12,12,41,42,23,23,2,2,177
µ¿ºÎ,³íº­,2663,779,846,238,243,126,128,204,206,315,321,8,8,1752
À¾ºÎ,³íº­,1531,744,801,360,368,180,182,241,247,381,385,17,17,2000
¸éºÎ,³íº­,1589,967,1034,574,583,320,325,321,329,557,559,12,12,2842
Áß±¸,³íº­,676,160,171,42,42,26,26,37,38,57,57,1,1,335
³²±¸,³íº­,945,209,222,57,57,36,36,50,50,63,64,3,3,432
µ¿±¸,³íº­,104,22,24,3,3,3,3,2,2,4,4,-,-,36
ºÏ±¸,³íº­,938,388,429,136,141,61,63,115,116,191,196,4,4,949
¿ïÁÖ±º,³íº­,3120,1711,1835,934,951,500,507,562,576,938,944,29,29,4842
µ¿ºÎ,³íº­,497,56,58,31,31,9,10,24,24,24,24,2,2,149
À¾ºÎ,³íº­,386,35,35,24,27,8,8,18,18,12,12,2,2,102
¸éºÎ,³íº­,2267,828,845,521,562,235,239,724,776,446,453,15,16,2891
¼¼Á¾Æ¯º°ÀÚÄ¡½Ã,³íº­,3150,919,938,576,620,252,257,766,818,482,489,19,20,3142
µ¿ºÎ,³íº­,17843,3559,3763,2842,3062,993,1010,2249,2456,1894,1921,78,82,12294
À¾ºÎ,³íº­,11560,4751,4927,4051,4392,1371,1391,3194,3443,2709,2744,91,93,16990
¸éºÎ,³íº­,22450,10986,11376,9730,10317,2947,2975,9050,9576,6235,6299,161,165,40708
¼ö¿ø½Ã,³íº­,2412,319,335,202,218,68,70,172,177,160,164,9,9,973
Àå¾È±¸,³íº­,549,66,66,39,40,9,9,34,34,28,29,1,1,179
±Ç¼±±¸,³íº­,969,140,154,109,123,45,47,85,90,89,92,5,5,511
ÆÈ´Þ±¸,³íº­,342,35,35,15,15,3,3,16,16,11,11,1,1,81
¿µÅë±¸,³íº­,552,78,80,39,40,11,11,37,37,32,32,2,2,202
¼º³²½Ã,³íº­,269,42,48,24,26,10,10,26,30,17,17,1,1,132
¼öÁ¤±¸,³íº­,75,15,15,7,7,-,-,7,7,4,4,-,-,33
Áß¿ø±¸,³íº­,32,8,9,5,6,3,3,5,8,5,5,1,1,32
ºÐ´ç±¸,³íº­,162,19,24,12,13,7,7,14,15,8,8,-,-,67
ÀÇÁ¤ºÎ½Ã,³íº­,336,61,70,40,46,11,13,47,54,26,27,4,6,216
¾È¾ç½Ã,³íº­,409,48,51,33,33,15,15,30,33,15,15,1,1,148
¸¸¾È±¸,³íº­,134,19,22,10,10,5,5,12,15,7,7,-,-,59
µ¿¾È±¸,³íº­,275,29,29,23,23,10,10,18,18,8,8,1,1,89
ºÎÃµ½Ã,³íº­,585,56,62,30,39,14,14,29,41,18,19,2,2,177
±¤¸í½Ã,³íº­,182,32,33,19,21,4,4,14,16,17,17,3,3,94
ÆòÅÃ½Ã,³íº­,6302,2149,2232,2034,2246,662,672,1259,1391,1327,1351,37,37,7929
µ¿µÎÃµ½Ã,³íº­,152,67,72,43,45,15,15,49,58,22,22,1,1,213
¾È»ê½Ã,³íº­,494,137,144,107,117,57,57,121,137,85,88,8,8,551
»ó·Ï±¸,³íº­,287,60,61,58,64,26,26,60,61,44,44,2,2,258
´Ü¿ø±¸,³íº­,207,77,83,49,53,31,31,61,76,41,44,6,6,293
°í¾ç½Ã,³íº­,1502,392,418,287,331,100,104,266,303,184,189,10,11,1356
´ö¾ç±¸,³íº­,499,128,130,75,91,30,32,80,95,55,58,6,7,413
ÀÏ»êµ¿±¸,³íº­,439,109,122,82,86,26,28,80,86,50,51,3,3,376
ÀÏ»ê¼­±¸,³íº­,564,155,166,130,154,44,44,106,122,79,80,1,1,567
°úÃµ½Ã,³íº­,42,8,8,4,4,3,3,5,5,4,4,-,-,24
±¸¸®½Ã,³íº­,51,14,15,7,7,2,2,6,6,3,3,-,-,33
³²¾çÁÖ½Ã,³íº­,415,165,176,64,66,26,26,126,129,59,59,2,2,458
¿À»ê½Ã,³íº­,877,171,177,169,174,59,62,125,126,99,99,1,1,639
½ÃÈï½Ã,³íº­,540,193,212,117,125,49,50,104,122,88,90,1,1,600
±ºÆ÷½Ã,³íº­,257,39,44,28,28,12,12,22,22,22,22,-,-,128
ÀÇ¿Õ½Ã,³íº­,158,41,45,19,19,10,10,30,31,22,22,2,3,130
ÇÏ³²½Ã,³íº­,105,26,28,7,7,2,2,6,6,7,7,1,1,51
¿ëÀÎ½Ã,³íº­,3019,1048,1082,827,858,283,287,851,884,552,560,27,27,3698
Ã³ÀÎ±¸,³íº­,2224,933,965,758,789,257,261,777,807,509,517,21,21,3360
±âÈï±¸,³íº­,487,54,56,37,37,11,11,39,39,20,20,1,1,164
¼öÁö±¸,³íº­,308,61,61,32,32,15,15,35,38,23,23,5,5,174
ÆÄÁÖ½Ã,³íº­,3524,1244,1316,1076,1213,399,405,861,997,771,780,32,33,4744
ÀÌÃµ½Ã,³íº­,4656,1841,1889,1897,2011,593,602,1416,1469,1128,1138,24,25,7134
¾È¼º½Ã,³íº­,4378,1787,1833,1589,1684,410,413,1367,1433,926,932,26,26,6321
±èÆ÷½Ã,³íº­,2864,1196,1246,913,995,337,340,709,777,650,659,15,15,4032
È­¼º½Ã,³íº­,5794,2575,2695,2297,2442,803,815,2284,2427,1567,1588,39,40,10007
±¤ÁÖ½Ã,³íº­,845,385,403,268,283,79,80,262,275,183,184,3,3,1228
¾çÁÖ½Ã,³íº­,1201,423,445,330,343,103,103,423,442,199,200,4,4,1537
Æ÷Ãµ½Ã,³íº­,1980,922,948,787,842,170,171,822,848,607,612,12,14,3435
¿©ÁÖ½Ã,³íº­,4195,1791,1831,1860,1939,503,506,1362,1449,1015,1023,22,22,6770
¿¬Ãµ±º,³íº­,1237,433,439,506,530,156,157,508,551,338,340,17,17,2034
°¡Æò±º,³íº­,734,408,425,207,216,60,60,292,300,131,131,9,9,1141
¾çÆò±º,³íº­,2338,1283,1344,832,863,296,296,899,936,596,602,17,18,4059
µ¿ºÎ,³íº­,2662,793,868,463,494,172,176,373,391,438,447,12,12,2388
À¾ºÎ,³íº­,4946,2080,2163,2190,2287,543,551,1450,1560,1580,1588,37,37,8186
¸éºÎ,³íº­,7466,4405,4666,3368,3525,1139,1155,3132,3367,2508,2528,78,80,15321
ÃáÃµ½Ã,³íº­,1022,428,452,274,288,82,85,234,246,204,205,12,12,1288
¿øÁÖ½Ã,³íº­,2970,1312,1364,740,764,256,259,874,935,717,724,16,16,4062
°­¸ª½Ã,³íº­,1847,965,1063,643,699,246,251,498,528,587,591,13,14,3146
µ¿ÇØ½Ã,³íº­,155,82,110,27,31,9,11,55,62,46,48,3,3,265
ÅÂ¹é½Ã,³íº­,6,4,5,3,4,2,2,-,-,2,2,-,-,13
¼ÓÃÊ½Ã,³íº­,309,128,133,85,86,31,32,73,77,57,59,-,-,387
»ïÃ´½Ã,³íº­,460,267,294,155,167,96,98,202,204,131,132,4,4,899
È«Ãµ±º,³íº­,1168,702,730,603,625,172,175,495,519,395,397,14,14,2460
È¾¼º±º,³íº­,1082,656,699,520,538,119,120,497,520,353,356,7,7,2240
¿µ¿ù±º,³íº­,131,77,81,55,58,24,24,64,78,47,48,1,1,290
ÆòÃ¢±º,³íº­,93,63,63,50,58,22,22,49,55,35,36,1,1,235
Á¤¼±±º,³íº­,85,54,59,38,40,16,16,30,35,23,24,2,2,176
Ã¶¿ø±º,³íº­,2551,749,763,1307,1353,122,124,515,553,823,826,25,25,3644
È­Ãµ±º,³íº­,175,103,111,94,96,29,30,92,95,59,61,3,3,396
¾ç±¸±º,³íº­,599,265,281,320,347,74,74,228,251,174,175,5,6,1134
ÀÎÁ¦±º,³íº­,354,148,156,119,124,31,31,93,103,82,82,3,3,499
°í¼º±º,³íº­,1139,649,679,618,646,318,322,463,544,458,462,9,9,2662
¾ç¾ç±º,³íº­,928,626,654,370,382,205,206,493,513,333,335,9,9,2099
µ¿ºÎ,³íº­,4958,765,806,492,546,228,233,480,543,388,392,26,26,2546
À¾ºÎ,³íº­,5178,1944,2014,1151,1220,494,497,1300,1421,938,953,32,34,6139
¸éºÎ,³íº­,11700,6326,6568,3450,3624,1393,1414,4673,5140,2806,2840,103,109,19695
ÃæÁÖ½Ã,³íº­,2567,1145,1200,665,701,230,235,763,869,450,455,25,25,3485
Á¦Ãµ½Ã,³íº­,1016,340,359,222,249,98,101,322,374,201,203,7,7,1293
Ã»ÁÖ½Ã,³íº­,8217,2434,2522,1427,1544,662,668,1674,1825,1163,1182,50,53,7794
»ó´ç±¸,³íº­,2089,717,740,351,380,188,188,530,563,305,307,13,14,2192
¼­¿ø±¸,³íº­,1598,342,362,138,146,66,67,270,299,143,146,9,9,1029
Èï´ö±¸,³íº­,2040,541,556,396,435,173,173,324,362,281,287,9,10,1823
Ã»¿ø±¸,³íº­,2490,834,864,542,583,235,240,550,601,434,442,19,20,2750
º¸Àº±º,³íº­,1615,1016,1064,598,614,276,280,786,872,486,487,20,24,3341
¿ÁÃµ±º,³íº­,1321,746,765,360,374,146,150,478,499,292,296,7,7,2091
¿µµ¿±º,³íº­,693,403,414,182,195,93,95,213,239,167,169,6,6,1118
ÁøÃµ±º,³íº­,2263,937,965,513,532,183,183,618,667,393,397,16,17,2761
±«»ê±º,³íº­,1059,568,601,323,342,128,130,508,576,265,271,6,6,1926
À½¼º±º,³íº­,2168,1083,1124,583,615,223,226,797,861,512,517,15,15,3358
´Ü¾ç±º,³íº­,89,46,49,25,25,7,7,41,51,21,21,1,1,154
ÁõÆò±º,³íº­,828,317,325,195,199,69,69,253,271,182,187,8,8,1059
µ¿ºÎ,³íº­,8736,1955,2062,1167,1238,452,459,906,990,937,947,46,51,5747
À¾ºÎ,³íº­,13334,5253,5481,3287,3599,1272,1296,3082,3418,2314,2355,122,125,16274
¸éºÎ,³íº­,44607,23868,24911,14429,15634,5320,5367,15219,16606,9850,9975,471,486,72979
Ãµ¾È½Ã,³íº­,5149,1679,1724,925,983,335,339,1079,1130,699,708,35,35,4919
µ¿³²±¸,³íº­,3048,1047,1071,517,542,194,195,790,825,447,454,17,17,3104
¼­ºÏ±¸,³íº­,2101,632,653,408,441,141,144,289,305,252,254,18,18,1815
°øÁÖ½Ã,³íº­,4810,1807,1841,889,936,342,345,1347,1433,756,760,39,45,5360
º¸·É½Ã,³íº­,5269,2909,3223,1412,1517,495,496,1643,1756,1124,1133,37,38,8163
¾Æ»ê½Ã,³íº­,5413,2220,2272,1428,1481,487,491,1028,1113,894,899,21,21,6277
¼­»ê½Ã,³íº­,6563,3316,3481,2174,2393,856,875,1637,1832,1609,1638,108,110,10329
³í»ê½Ã,³íº­,5345,1780,1830,1274,1365,468,470,902,1016,851,863,31,32,5576
°è·æ½Ã,³íº­,203,60,62,32,34,10,10,45,46,22,22,2,2,176
´çÁø½Ã,³íº­,6877,3560,3706,2538,2865,990,1000,2105,2354,1666,1697,84,85,11707
±Ý»ê±º,³íº­,1590,705,718,297,303,114,114,430,452,263,265,21,21,1873
ºÎ¿©±º,³íº­,4895,1965,2017,1409,1550,458,464,1450,1579,872,884,67,70,6564
¼­Ãµ±º,³íº­,3881,1814,1891,1128,1242,516,524,1177,1291,894,906,40,41,5895
Ã»¾ç±º,³íº­,3018,1548,1571,869,926,330,333,1818,2101,639,648,30,30,5609
È«¼º±º,³íº­,5457,2914,3053,1567,1684,535,543,1974,2078,939,956,55,60,8374
¿¹»ê±º,³íº­,5207,2886,2963,1931,2066,730,738,1566,1713,1069,1076,30,32,8588
ÅÂ¾È±º,³íº­,3000,1913,2102,1010,1126,378,380,1006,1120,804,822,39,40,5590
µ¿ºÎ,³íº­,11326,2254,2408,1668,2019,792,827,1381,1615,1160,1193,73,76,8138
À¾ºÎ,³íº­,5901,2214,2344,1690,1929,698,721,1325,1524,997,1015,76,80,7613
¸éºÎ,³íº­,30946,15264,16258,10948,12899,4678,4821,10364,12063,6937,7090,372,382,53513
ÀüÁÖ½Ã,³íº­,3424,711,750,380,458,159,164,391,441,217,220,12,12,2045
¿Ï»ê±¸,³íº­,1453,223,237,116,126,55,56,129,142,83,83,5,5,649
´öÁø±¸,³íº­,1971,488,513,264,332,104,108,262,299,134,137,7,7,1396
±º»ê½Ã,³íº­,5242,1335,1535,1167,1697,690,747,1011,1370,863,906,64,68,6323
ÀÍ»ê½Ã,³íº­,7394,2209,2320,1957,2369,924,955,1334,1630,1289,1333,60,63,8670
Á¤À¾½Ã,³íº­,4671,2241,2357,1694,1961,868,885,1789,2094,1172,1201,73,73,8571
³²¿ø½Ã,³íº­,4216,1983,2048,1322,1398,347,349,1021,1082,758,762,27,33,5672
±èÁ¦½Ã,³íº­,4603,2017,2112,1871,2331,934,972,1453,1730,1147,1166,66,67,8378
¿ÏÁÖ±º,³íº­,2502,1008,1069,621,693,211,214,601,638,352,356,12,12,2982
Áø¾È±º,³íº­,943,512,515,388,395,104,104,556,595,230,230,6,6,1845
¹«ÁÖ±º,³íº­,852,434,452,196,204,34,34,285,300,130,132,2,2,1124
Àå¼ö±º,³íº­,1465,704,725,394,420,100,102,363,380,257,258,11,11,1896
ÀÓ½Ç±º,³íº­,2002,1047,1101,564,601,237,240,841,902,433,436,15,16,3296
¼øÃ¢±º,³íº­,2678,1446,1581,770,839,288,288,1271,1435,494,494,36,36,4673
°íÃ¢±º,³íº­,4392,2404,2649,1527,1757,578,586,1044,1170,868,894,62,63,7119
ºÎ¾È±º,³íº­,3789,1681,1796,1455,1724,694,729,1110,1435,884,910,75,76,6670
µ¿ºÎ,³íº­,3795,1072,1226,506,574,222,227,603,655,407,414,38,38,3134
À¾ºÎ,³íº­,14298,5978,6444,3698,4135,1514,1544,3396,3824,2163,2220,165,168,18335
¸éºÎ,³íº­,46186,25228,27125,15343,17164,6288,6399,16049,18409,9269,9439,600,616,79152
¸ñÆ÷½Ã,³íº­,581,116,126,74,79,33,34,46,55,52,53,3,3,350
¿©¼ö½Ã,³íº­,1853,920,1055,299,318,135,136,625,648,320,321,19,19,2497
¼øÃµ½Ã,³íº­,3815,1641,1815,723,811,315,325,1089,1191,573,587,62,62,4791
³ªÁÖ½Ã,³íº­,5226,2518,2678,1568,1754,597,609,1202,1338,806,814,46,46,7239
±¤¾ç½Ã,³íº­,1950,698,776,203,208,112,114,387,413,177,183,17,19,1713
´ã¾ç±º,³íº­,3439,1357,1450,631,703,266,271,741,791,387,396,34,34,3645
°î¼º±º,³íº­,2892,1418,1472,673,746,297,302,949,1011,433,436,37,40,4007
±¸·Ê±º,³íº­,1577,777,807,282,309,138,141,829,859,245,248,15,15,2379
°íÈï±º,³íº­,3946,2401,2606,1407,1574,657,670,1417,1595,822,832,71,73,7350
º¸¼º±º,³íº­,3233,1816,1959,1025,1113,379,381,1123,1217,586,593,46,48,5311
È­¼ø±º,³íº­,3135,1245,1323,614,661,332,337,945,1064,475,485,44,48,3918
ÀåÈï±º,³íº­,3558,1764,1895,1347,1590,479,487,1318,1655,770,787,49,49,6463
°­Áø±º,³íº­,3886,1990,2099,1425,1506,539,540,1220,1353,751,757,30,30,6285
ÇØ³²±º,³íº­,4684,2597,2758,2286,2508,872,889,1985,2306,1132,1166,66,68,9695
¿µ¾Ï±º,³íº­,4380,2195,2402,1707,2047,723,739,1343,1596,1106,1137,61,63,7984
¹«¾È±º,³íº­,2613,1356,1453,708,759,215,218,624,686,368,375,36,36,3527
ÇÔÆò±º,³íº­,3275,1732,1844,1025,1118,412,416,902,1029,606,616,34,34,5057
¿µ±¤±º,³íº­,3093,1865,2044,1120,1330,479,485,1024,1274,680,692,31,32,5857
Àå¼º±º,³íº­,2657,1067,1171,566,680,272,282,594,683,393,403,25,25,3244
¿Ïµµ±º,³íº­,832,479,542,235,253,111,115,251,285,155,160,9,9,1364
Áøµµ±º,³íº­,1325,742,771,579,618,199,202,622,776,335,348,18,18,2733
½Å¾È±º,³íº­,2329,1584,1749,1050,1188,462,477,812,1063,667,684,50,51,5212
µ¿ºÎ,³íº­,11556,3100,3240,1574,1649,621,631,1264,1318,1299,1313,53,54,8205
À¾ºÎ,³íº­,13354,6267,6583,3434,3654,1327,1344,2804,2974,2722,2750,75,75,17380
¸éºÎ,³íº­,31582,20812,22307,12070,12765,4936,4999,12353,13248,9262,9325,299,305,62949
Æ÷Ç×½Ã,³íº­,6500,1946,2048,1133,1212,693,702,875,911,1113,1125,33,33,6031
³²±¸,³íº­,2597,816,888,299,312,178,181,331,339,428,433,18,18,2171
ºÏ±¸,³íº­,3903,1130,1160,834,900,515,521,544,572,685,692,15,15,3860
°æÁÖ½Ã,³íº­,7984,4173,4419,2237,2362,1191,1206,1794,1876,2312,2329,70,73,12265
±èÃµ½Ã,³íº­,2210,1267,1314,653,679,234,236,646,689,440,443,18,18,3379
¾Èµ¿½Ã,³íº­,3395,1800,1915,950,1015,258,264,1112,1239,592,603,39,41,5077
±¸¹Ì½Ã,³íº­,6286,3051,3171,1812,1900,591,601,1363,1400,1227,1231,24,24,8327
¿µÁÖ½Ã,³íº­,1613,806,821,519,534,151,151,508,543,354,356,12,12,2417
¿µÃµ½Ã,³íº­,1152,693,732,238,249,117,118,280,297,206,210,6,6,1612
»óÁÖ½Ã,³íº­,5167,3337,3407,2067,2119,723,727,1922,1979,1472,1477,32,32,9741
¹®°æ½Ã,³íº­,2587,1275,1351,739,789,272,275,708,767,552,554,16,17,3753
°æ»ê½Ã,³íº­,657,288,308,94,106,40,40,115,122,91,92,7,7,675
±ºÀ§±º,³íº­,1198,936,1017,428,452,192,195,627,665,335,339,7,7,2675
ÀÇ¼º±º,³íº­,3653,2849,3386,1964,2098,795,801,1795,1903,1372,1381,52,52,9621
Ã»¼Û±º,³íº­,460,226,239,47,50,22,22,194,216,48,48,4,4,579
¿µ¾ç±º,³íº­,192,99,112,35,39,13,13,88,106,27,28,2,2,300
¿µ´ö±º,³íº­,1340,545,616,271,310,120,120,282,330,193,193,5,5,1574
Ã»µµ±º,³íº­,896,623,651,335,356,201,202,412,433,323,323,16,16,1981
°í·É±º,³íº­,1651,981,1052,611,657,236,246,328,346,399,403,12,12,2716
¼ºÁÖ±º,³íº­,957,494,505,254,281,73,75,188,204,144,149,10,10,1224
Ä¥°î±º,³íº­,1930,993,1047,398,415,159,163,369,376,388,393,9,9,2403
¿¹Ãµ±º,³íº­,4134,2417,2557,1539,1641,478,486,1691,1860,1061,1068,30,31,7643
ºÀÈ­±º,³íº­,839,522,554,304,324,65,65,451,536,224,224,12,12,1715
¿ïÁø±º,³íº­,1690,858,908,450,480,260,266,673,742,410,419,11,11,2826
¿ï¸ª±º,³íº­,1,-,-,-,-,-,-,-,-,-,-,-,-,0
µ¿ºÎ,³íº­,8573,1945,2107,870,942,446,456,686,703,730,739,35,35,4982
À¾ºÎ,³íº­,7458,2949,3195,1603,1757,636,645,1368,1453,1069,1081,58,61,8192
¸éºÎ,³íº­,30725,18375,19607,10527,11396,4747,4808,9921,10547,7609,7687,253,264,54309
Ã¢¿ø½Ã,³íº­,4788,1349,1455,663,724,286,292,489,520,470,478,16,16,3485
ÀÇÃ¢±¸,³íº­,1677,507,535,276,305,98,99,150,161,158,160,5,5,1265
¼º»ê±¸,³íº­,716,113,121,27,28,16,17,30,31,22,23,5,5,225
¸¶»êÇÕÆ÷±¸,³íº­,1295,481,532,265,292,130,132,221,240,198,201,4,4,1401
¸¶»êÈ¸¿ø±¸,³íº­,685,144,154,55,59,24,25,63,63,48,48,1,1,350
ÁøÇØ±¸,³íº­,415,104,113,40,40,18,19,25,25,44,46,1,1,244
ÁøÁÖ½Ã,³íº­,4448,2061,2190,947,988,451,453,879,904,692,694,37,38,5267
Åë¿µ½Ã,³íº­,381,196,219,68,69,45,46,104,105,68,68,2,2,509
»çÃµ½Ã,³íº­,3020,1746,1912,885,961,450,459,835,882,661,680,38,39,4933
±èÇØ½Ã,³íº­,3777,1042,1100,544,618,292,297,383,397,442,445,15,15,2872
¹Ð¾ç½Ã,³íº­,2706,1359,1423,802,870,225,234,459,508,491,494,15,16,3545
°ÅÁ¦½Ã,³íº­,1402,592,661,257,287,195,200,433,446,277,284,11,12,1890
¾ç»ê½Ã,³íº­,1064,490,560,199,225,100,103,178,197,223,231,7,7,1323
ÀÇ·É±º,³íº­,2143,1311,1423,789,872,309,314,633,679,481,483,9,9,3780
ÇÔ¾È±º,³íº­,2984,1388,1450,846,894,291,292,636,668,482,489,21,21,3814
Ã¢³ç±º,³íº­,2247,1291,1415,810,989,274,278,500,544,559,564,16,16,3806
°í¼º±º,³íº­,2744,1705,1845,961,1042,520,523,928,968,672,679,17,18,5075
³²ÇØ±º,³íº­,1536,977,1076,656,723,295,300,631,683,404,406,23,23,3211
ÇÏµ¿±º,³íº­,1974,1248,1312,698,746,312,317,997,1106,495,504,29,29,4014
»êÃ»±º,³íº­,2325,1497,1565,967,1014,547,553,1001,1077,782,789,22,23,5021
ÇÔ¾ç±º,³íº­,2474,1277,1342,709,741,271,273,907,945,545,545,25,26,3872
°ÅÃ¢±º,³íº­,2683,1277,1312,685,716,290,294,691,716,462,465,18,24,3527
ÇÕÃµ±º,³íº­,4060,2463,2649,1514,1616,676,681,1291,1358,1202,1209,25,26,7539
µ¿ºÎ,³íº­,9,1,1,-,-,-,-,-,-,-,-,-,-,1
À¾ºÎ,³íº­,2,-,-,-,-,-,-,-,-,-,-,-,-,0
¸éºÎ,³íº­,1,-,-,-,-,-,-,-,-,-,-,-,-,0
Á¦ÁÖ½Ã,³íº­,5,-,-,-,-,-,-,-,-,-,-,-,-,0
¼­±ÍÆ÷½Ã,³íº­,7,1,1,-,-,-,-,-,-,-,-,-,-,1
